M,time_iter_ns
8,54.250
8,11.750
8,9.500
8,9.625
8,9.875
8,10.000
8,9.375
8,9.875
8,10.125
8,9.625
8,9.500
8,9.750
8,9.625
8,10.000
8,9.875
8,9.750
8,10.000
8,10.125
8,9.500
8,9.750
8,9.375
8,9.500
8,9.875
8,10.000
8,9.375
8,9.500
8,9.875
8,10.125
8,9.875
8,9.625
8,9.750
8,9.500
8,9.500
8,9.500
8,10.000
8,10.000
8,9.875
8,9.375
8,10.000
8,10.000
8,9.500
8,9.750
8,10.125
8,9.750
8,9.500
8,9.750
8,10.125
8,10.000
8,9.875
8,9.375
8,9.500
8,9.750
8,9.875
8,9.625
8,10.000
8,9.875
8,9.625
8,10.000
8,9.625
8,9.750
8,9.875
8,10.000
8,9.500
8,9.250
8,9.875
8,9.500
8,9.875
8,9.750
8,9.750
8,10.000
8,9.750
8,9.750
8,9.500
8,9.875
8,9.750
8,9.250
8,9.625
8,9.250
8,10.000
8,10.000
8,9.250
8,9.875
8,9.500
8,9.750
8,9.625
8,10.125
8,9.375
8,9.625
8,9.500
8,9.750
8,9.750
8,10.000
8,9.250
8,10.000
8,9.875
8,10.000
8,9.375
8,9.625
8,9.750
8,9.500
8,10.000
8,9.625
8,9.750
8,10.000
8,9.625
8,9.375
8,9.625
8,9.500
8,9.750
8,9.750
8,9.250
8,10.125
8,10.000
8,9.875
8,9.875
8,9.250
8,9.875
8,10.000
8,9.500
8,9.750
8,10.000
8,9.375
8,10.000
8,9.750
8,9.500
8,10.125
8,9.875
8,9.625
8,10.000
8,10.125
8,9.500
8,9.750
8,10.000
8,9.750
8,9.750
8,9.500
8,9.625
8,9.875
8,9.750
8,9.875
8,9.750
8,10.000
8,9.625
8,9.875
8,9.500
8,9.500
8,9.750
8,9.875
8,9.500
8,9.750
8,10.000
8,9.375
8,9.750
8,10.125
8,10.125
8,10.000
8,10.000
8,9.750
8,9.750
8,9.500
8,9.875
8,9.875
8,9.875
8,9.250
8,9.500
8,10.000
8,9.750
8,9.000
8,9.500
8,9.500
8,10.000
8,9.750
8,10.000
8,9.375
8,9.625
8,9.750
8,9.750
8,9.875
8,9.750
8,9.750
8,10.000
8,9.250
8,9.125
8,9.500
8,9.625
8,9.500
8,10.125
8,10.000
8,9.875
8,10.125
8,10.125
8,9.375
8,9.375
8,9.500
8,9.750
8,9.875
8,9.750
8,9.500
8,9.500
8,10.125
16,22.500
16,6.250
16,4.875
16,5.000
16,4.875
16,5.000
16,5.000
16,4.938
16,5.000
16,4.875
16,4.875
16,5.000
16,4.812
16,4.812
16,4.938
16,4.875
16,5.000
16,4.750
16,5.000
16,4.938
16,4.750
16,5.000
16,4.938
16,4.750
16,5.062
16,4.812
16,4.938
16,4.750
16,5.000
16,5.000
16,5.000
16,5.062
16,5.062
16,5.062
16,5.000
16,5.000
16,5.000
16,5.000
16,5.000
16,5.000
16,5.062
16,4.812
16,5.000
16,4.938
16,5.000
16,4.875
16,5.000
16,4.750
16,5.000
16,4.875
16,5.000
16,4.812
16,4.750
16,4.875
16,4.875
16,4.750
16,5.000
16,5.000
16,4.938
16,5.000
16,4.750
16,4.750
16,5.000
16,4.875
16,5.000
16,5.000
16,5.000
16,4.938
16,4.750
16,5.000
16,5.000
16,4.750
16,4.875
16,4.812
16,5.000
16,5.062
16,4.938
16,4.938
16,4.938
16,5.000
16,5.062
16,5.000
16,5.000
16,5.062
16,4.875
16,4.875
16,5.062
16,5.000
16,5.000
16,5.062
16,5.125
16,5.000
16,5.000
16,5.062
16,5.000
16,5.000
16,4.875
16,5.062
16,4.938
16,4.875
16,5.000
16,5.000
16,5.000
16,5.000
16,4.875
16,4.750
16,4.938
16,5.000
16,4.750
16,4.938
16,4.875
16,5.000
16,5.000
16,5.000
16,4.750
16,4.938
16,5.000
16,5.062
16,5.000
16,5.062
16,5.000
16,4.938
16,4.750
16,4.750
16,4.750
16,5.062
16,4.750
16,5.000
16,5.000
16,5.000
16,5.000
16,5.000
16,4.875
16,5.062
16,4.875
16,4.750
16,4.875
16,5.062
16,4.812
16,5.000
16,5.250
16,5.000
16,4.875
16,5.000
16,5.000
16,5.000
16,4.875
16,4.812
16,4.938
16,4.750
16,5.000
16,5.000
16,5.000
16,4.938
16,4.750
16,4.750
16,4.812
16,4.875
16,4.875
16,5.000
16,4.750
16,5.000
16,4.750
16,4.875
16,5.000
16,5.000
16,5.000
16,5.062
16,5.000
16,5.062
16,5.062
16,5.000
16,4.875
16,5.000
16,4.875
16,5.000
16,5.000
16,5.000
16,5.000
16,5.000
16,4.875
16,4.812
16,4.812
16,4.875
16,5.000
16,5.000
16,4.812
16,4.938
16,5.062
16,4.875
16,4.750
16,5.000
16,4.875
16,4.875
16,5.000
16,5.000
16,5.062
16,5.062
16,4.812
16,5.000
32,14.781
32,2.750
32,2.500
32,2.594
32,2.500
32,2.562
32,2.625
32,2.500
32,2.500
32,2.500
32,2.625
32,2.625
32,2.500
32,2.688
32,2.562
32,2.531
32,2.625
32,2.594
32,2.531
32,2.500
32,2.625
32,2.562
32,2.500
32,2.500
32,2.500
32,2.500
32,2.562
32,2.531
32,2.500
32,2.531
32,2.500
32,2.500
32,2.500
32,2.562
32,2.500
32,2.531
32,2.500
32,2.500
32,2.531
32,2.562
32,2.500
32,2.500
32,2.500
32,2.500
32,2.500
32,2.562
32,2.562
32,2.500
32,2.500
32,2.500
32,2.531
32,2.500
32,2.625
32,2.500
32,2.688
32,2.531
32,2.500
32,2.500
32,2.500
32,2.531
32,2.625
32,2.625
32,2.625
32,2.562
32,2.562
32,2.562
32,2.500
32,2.531
32,2.500
32,2.500
32,2.562
32,2.625
32,2.500
32,2.562
32,2.625
32,2.500
32,2.500
32,2.562
32,2.500
32,2.562
32,2.656
32,2.562
32,2.500
32,2.531
32,2.531
32,2.625
32,2.500
32,2.500
32,2.562
32,2.500
32,2.594
32,2.531
32,2.562
32,2.531
32,2.625
32,2.625
32,2.625
32,2.625
32,2.625
32,2.531
32,2.594
32,2.625
32,2.500
32,2.531
32,2.625
32,2.625
32,2.562
32,2.625
32,2.562
32,2.562
32,2.562
32,2.562
32,2.562
32,2.500
32,2.500
32,2.500
32,2.625
32,2.562
32,2.562
32,2.500
32,2.500
32,2.625
32,2.531
32,2.531
32,2.625
32,2.625
32,2.500
32,2.562
32,2.500
32,2.531
32,2.500
32,2.500
32,2.562
32,2.500
32,2.562
32,2.625
32,2.500
32,2.531
32,2.531
32,2.625
32,2.625
32,2.625
32,2.531
32,2.500
32,2.500
32,2.500
32,2.625
32,2.500
32,2.562
32,2.500
32,2.625
32,2.500
32,2.562
32,2.625
32,2.625
32,2.625
32,2.500
32,2.625
32,2.500
32,2.500
32,2.625
32,2.562
32,2.531
32,2.500
32,2.500
32,2.531
32,2.500
32,2.500
32,2.594
32,2.531
32,2.500
32,2.625
32,2.500
32,2.625
32,2.625
32,2.562
32,2.562
32,2.500
32,2.562
32,2.500
32,2.625
32,2.531
32,2.500
32,2.500
32,2.562
32,2.625
32,2.625
32,2.500
32,2.500
32,2.500
32,2.500
32,2.625
32,2.500
32,2.500
32,2.500
32,2.531
32,2.625
32,2.594
32,2.531
32,2.625
64,6.578
64,1.703
64,1.312
64,1.312
64,1.312
64,1.375
64,1.328
64,1.312
64,1.312
64,1.344
64,1.391
64,1.375
64,1.375
64,1.359
64,1.344
64,1.328
64,1.375
64,1.328
64,1.328
64,1.406
64,1.312
64,1.391
64,1.328
64,1.375
64,1.359
64,1.344
64,1.375
64,1.344
64,1.359
64,1.344
64,1.328
64,1.344
64,1.375
64,1.375
64,1.375
64,1.312
64,1.375
64,1.328
64,1.344
64,1.344
64,1.391
64,1.344
64,1.359
64,1.328
64,1.344
64,1.391
64,1.375
64,1.328
64,1.391
64,1.375
64,1.375
64,1.328
64,1.328
64,1.344
64,1.375
64,1.344
64,1.375
64,1.344
64,1.312
64,1.375
64,1.328
64,1.344
64,1.359
64,1.375
64,1.375
64,1.391
64,1.391
64,1.344
64,1.391
64,1.359
64,1.312
64,1.359
64,1.344
64,1.344
64,1.375
64,1.359
64,1.328
64,1.344
64,1.328
64,1.328
64,1.328
64,1.328
64,1.375
64,1.344
64,1.312
64,1.375
64,1.359
64,1.328
64,1.312
64,1.359
64,1.312
64,1.312
64,1.328
64,1.344
64,1.328
64,1.375
64,1.375
64,1.312
64,1.375
64,1.375
64,1.359
64,1.359
64,1.344
64,1.359
64,1.328
64,1.344
64,1.312
64,1.391
64,1.344
64,1.312
64,1.359
64,1.344
64,1.406
64,1.328
64,1.359
64,1.375
64,1.328
64,1.328
64,1.344
64,1.391
64,1.359
64,1.344
64,1.391
64,1.359
64,1.375
64,1.328
64,1.375
64,1.375
64,1.375
64,1.312
64,1.312
64,1.375
64,1.375
64,1.328
64,1.344
64,1.391
64,1.344
64,1.375
64,1.344
64,1.344
64,1.375
64,1.312
64,1.375
64,1.312
64,1.406
64,1.359
64,1.375
64,1.344
64,1.328
64,1.328
64,1.312
64,1.344
64,1.312
64,1.344
64,1.375
64,1.328
64,1.375
64,1.312
64,1.344
64,1.375
64,1.375
64,1.359
64,1.344
64,1.391
64,1.359
64,1.375
64,1.359
64,1.344
64,1.344
64,1.312
64,1.375
64,1.391
64,1.312
64,1.312
64,1.344
64,1.375
64,1.328
64,1.328
64,1.344
64,1.359
64,1.344
64,1.344
64,1.328
64,1.344
64,1.312
64,1.312
64,1.312
64,1.344
64,1.328
64,1.375
64,1.328
64,1.375
64,1.328
64,1.375
64,1.375
64,1.391
64,1.328
64,1.312
64,1.344
64,1.312
128,4.789
128,2.633
128,2.438
128,2.469
128,2.422
128,2.508
128,2.359
128,2.422
128,2.375
128,2.531
128,2.391
128,2.453
128,2.492
128,2.359
128,2.383
128,2.398
128,2.422
128,2.375
128,2.375
128,2.391
128,2.508
128,2.508
128,2.359
128,2.477
128,2.477
128,2.508
128,2.430
128,2.406
128,2.445
128,2.430
128,2.461
128,2.477
128,2.352
128,2.383
128,2.516
128,2.453
128,2.430
128,2.438
128,2.445
128,2.445
128,2.398
128,2.508
128,2.523
128,2.508
128,2.523
128,2.398
128,2.391
128,2.445
128,2.391
128,2.508
128,2.375
128,2.438
128,2.422
128,2.461
128,2.398
128,2.414
128,2.414
128,2.508
128,2.383
128,2.445
128,2.359
128,2.406
128,2.391
128,2.469
128,2.438
128,2.406
128,2.523
128,2.445
128,2.461
128,2.453
128,2.383
128,2.414
128,2.469
128,2.391
128,2.477
128,2.406
128,2.398
128,2.391
128,2.445
128,2.477
128,2.367
128,2.305
128,2.398
128,2.391
128,2.430
128,2.469
128,2.461
128,2.414
128,2.398
128,2.531
128,2.391
128,2.383
128,2.453
128,2.461
128,2.508
128,2.430
128,2.445
128,2.508
128,2.469
128,2.445
128,2.391
128,2.508
128,2.352
128,2.359
128,2.453
128,2.438
128,2.469
128,2.430
128,2.383
128,2.469
128,2.445
128,2.391
128,2.383
128,2.469
128,2.406
128,2.367
128,2.422
128,2.414
128,2.352
128,2.445
128,2.344
128,2.438
128,2.500
128,2.391
128,2.508
128,2.398
128,2.461
128,2.445
128,2.445
128,2.461
128,2.453
128,2.539
128,2.375
128,2.430
128,2.469
128,2.406
128,2.461
128,2.438
128,2.445
128,2.430
128,2.414
128,2.547
128,2.414
128,2.430
128,2.562
128,2.406
128,2.508
128,2.328
128,2.508
128,2.398
128,2.445
128,2.516
128,2.383
128,2.461
128,2.430
128,2.398
128,2.430
128,2.523
128,2.398
128,2.531
128,2.461
128,2.461
128,2.438
128,2.406
128,2.383
128,2.391
128,2.523
128,2.398
128,2.477
128,2.414
128,2.383
128,2.391
128,2.383
128,2.320
128,2.352
128,2.414
128,2.477
128,2.391
128,2.508
128,2.305
128,2.383
128,2.422
128,2.422
128,2.445
128,2.430
128,2.453
128,2.391
128,2.508
128,2.430
128,2.477
128,2.531
128,2.391
128,2.438
128,2.477
128,2.406
128,2.391
128,2.445
128,2.344
128,2.414
128,2.539
256,3.012
256,2.082
256,1.941
256,2.020
256,2.020
256,1.992
256,1.934
256,1.984
256,1.941
256,2.066
256,2.035
256,2.016
256,2.027
256,1.992
256,2.035
256,2.035
256,1.996
256,2.051
256,1.945
256,2.031
256,2.004
256,2.035
256,2.008
256,1.961
256,2.004
256,1.996
256,2.039
256,2.051
256,2.000
256,2.023
256,2.035
256,1.965
256,2.109
256,2.059
256,1.984
256,1.992
256,2.008
256,2.055
256,1.980
256,2.004
256,2.008
256,2.008
256,2.020
256,2.039
256,1.973
256,2.016
256,2.000
256,1.957
256,1.941
256,1.945
256,1.980
256,2.031
256,1.973
256,1.988
256,1.988
256,2.043
256,2.094
256,2.004
256,2.062
256,2.035
256,2.051
256,2.000
256,1.988
256,2.031
256,2.055
256,2.000
256,2.023
256,1.973
256,2.000
256,2.020
256,2.055
256,1.996
256,1.992
256,1.973
256,1.934
256,2.031
256,1.973
256,1.996
256,2.000
256,1.988
256,2.031
256,1.988
256,1.973
256,2.008
256,2.020
256,1.980
256,2.055
256,2.027
256,1.965
256,2.012
256,2.035
256,1.992
256,2.027
256,2.062
256,2.074
256,2.043
256,2.020
256,2.027
256,2.066
256,2.020
256,1.988
256,1.992
256,2.086
256,2.059
256,2.023
256,1.941
256,2.059
256,2.090
256,2.035
256,1.984
256,1.977
256,2.051
256,1.992
256,2.016
256,2.086
256,2.035
256,1.996
256,2.043
256,2.008
256,1.953
256,1.977
256,1.973
256,2.023
256,1.961
256,1.949
256,1.973
256,2.055
256,2.039
256,2.051
256,2.090
256,2.016
256,2.039
256,2.023
256,2.098
256,2.035
256,2.004
256,1.973
256,2.020
256,2.008
256,1.992
256,1.984
256,2.004
256,2.004
256,1.957
256,1.934
256,2.102
256,1.977
256,2.035
256,2.004
256,2.020
256,1.977
256,2.051
256,1.992
256,2.055
256,2.004
256,1.988
256,2.066
256,2.059
256,1.996
256,2.094
256,1.977
256,2.008
256,1.977
256,1.996
256,2.016
256,2.008
256,1.965
256,2.004
256,2.102
256,2.008
256,2.004
256,1.980
256,2.000
256,2.035
256,1.984
256,1.977
256,2.051
256,2.023
256,2.098
256,2.004
256,2.055
256,2.027
256,2.020
256,2.004
256,1.961
256,2.062
256,1.973
256,2.094
256,2.008
256,1.973
256,2.020
256,1.992
256,1.996
256,2.000
256,2.023
256,2.008
256,1.973
256,1.984
256,1.988
256,1.980
512,2.369
512,1.840
512,1.877
512,1.834
512,1.809
512,1.811
512,1.816
512,1.850
512,1.803
512,1.801
512,1.805
512,1.779
512,1.809
512,1.801
512,1.789
512,1.797
512,1.838
512,1.781
512,1.770
512,1.793
512,1.801
512,1.799
512,1.777
512,1.773
512,1.816
512,1.818
512,1.811
512,1.816
512,1.832
512,1.781
512,1.814
512,1.811
512,1.832
512,1.795
512,1.809
512,1.842
512,1.838
512,1.791
512,1.809
512,1.809
512,1.832
512,1.816
512,1.809
512,1.818
512,1.814
512,1.809
512,1.801
512,1.779
512,1.770
512,1.816
512,1.773
512,1.762
512,1.816
512,1.775
512,1.816
512,1.811
512,1.818
512,1.805
512,1.832
512,1.816
512,1.773
512,1.812
512,1.832
512,1.816
512,1.814
512,1.816
512,1.832
512,1.836
512,1.801
512,1.766
512,1.840
512,1.801
512,1.770
512,1.799
512,1.812
512,1.830
512,1.816
512,1.777
512,1.838
512,1.781
512,1.832
512,1.779
512,1.793
512,1.787
512,1.822
512,1.793
512,1.754
512,1.822
512,1.816
512,1.762
512,1.801
512,1.756
512,1.789
512,1.779
512,1.791
512,1.785
512,1.838
512,1.803
512,1.793
512,1.818
512,1.805
512,1.824
512,1.791
512,1.809
512,1.824
512,1.783
512,1.844
512,1.803
512,1.826
512,1.787
512,1.826
512,1.832
512,1.779
512,1.801
512,1.777
512,1.809
512,1.801
512,1.834
512,1.762
512,1.775
512,1.811
512,1.822
512,1.824
512,1.824
512,1.826
512,1.771
512,1.773
512,1.840
512,1.811
512,1.816
512,1.781
512,1.791
512,1.801
512,1.836
512,1.787
512,1.777
512,1.781
512,1.812
512,1.805
512,1.809
512,1.811
512,1.838
512,1.801
512,1.836
512,1.822
512,1.842
512,1.777
512,1.801
512,1.811
512,1.830
512,1.801
512,1.762
512,1.809
512,1.787
512,1.812
512,1.809
512,1.793
512,1.793
512,1.793
512,1.814
512,1.824
512,1.836
512,1.785
512,1.816
512,1.816
512,1.770
512,1.818
512,1.863
512,1.762
512,1.812
512,1.775
512,1.803
512,1.811
512,1.826
512,1.828
512,1.826
512,1.822
512,1.785
512,1.832
512,1.793
512,1.777
512,1.805
512,1.809
512,1.785
512,1.838
512,1.777
512,1.822
512,1.816
512,1.773
512,1.830
512,1.812
512,1.832
512,1.797
512,1.773
512,1.840
512,1.814
512,1.809
512,1.793
512,1.766
512,1.840
1024,2.107
1024,1.708
1024,1.732
1024,1.701
1024,1.710
1024,1.703
1024,1.687
1024,1.714
1024,1.705
1024,1.684
1024,1.694
1024,1.660
1024,1.712
1024,1.704
1024,1.694
1024,1.703
1024,1.700
1024,1.715
1024,1.703
1024,1.722
1024,1.695
1024,1.714
1024,1.687
1024,1.736
1024,1.703
1024,1.717
1024,1.717
1024,1.707
1024,1.715
1024,1.734
1024,1.698
1024,1.703
1024,1.668
1024,1.695
1024,1.710
1024,1.686
1024,1.680
1024,1.684
1024,1.703
1024,1.719
1024,1.664
1024,1.714
1024,1.719
1024,1.735
1024,1.700
1024,1.680
1024,1.699
1024,1.698
1024,1.701
1024,1.730
1024,1.712
1024,1.696
1024,1.711
1024,1.718
1024,1.714
1024,1.676
1024,1.711
1024,1.709
1024,1.684
1024,1.707
1024,1.710
1024,1.690
1024,1.707
1024,1.711
1024,1.684
1024,1.717
1024,1.686
1024,1.711
1024,1.666
1024,1.716
1024,1.711
1024,1.694
1024,1.708
1024,1.699
1024,1.684
1024,1.711
1024,1.677
1024,1.694
1024,1.734
1024,1.690
1024,1.698
1024,1.666
1024,1.707
1024,1.666
1024,1.694
1024,1.696
1024,1.711
1024,1.707
1024,1.716
1024,1.692
1024,1.684
1024,1.716
1024,1.677
1024,1.707
1024,1.707
1024,1.704
1024,1.689
1024,1.707
1024,1.705
1024,1.699
1024,1.701
1024,1.664
1024,1.698
1024,1.723
1024,1.683
1024,1.705
1024,1.684
1024,1.699
1024,1.718
1024,1.701
1024,1.698
1024,1.730
1024,1.719
1024,1.707
1024,1.707
1024,1.709
1024,1.712
1024,1.699
1024,1.696
1024,1.703
1024,1.675
1024,1.707
1024,1.676
1024,1.700
1024,1.699
1024,1.684
1024,1.728
1024,1.705
1024,1.688
1024,1.693
1024,1.717
1024,1.689
1024,1.707
1024,1.684
1024,1.719
1024,1.686
1024,1.697
1024,1.691
1024,1.705
1024,1.684
1024,1.684
1024,1.699
1024,1.758
1024,1.719
1024,1.696
1024,1.699
1024,1.723
1024,1.737
1024,1.695
1024,1.685
1024,1.690
1024,1.691
1024,1.711
1024,1.676
1024,1.712
1024,1.708
1024,1.712
1024,1.711
1024,1.717
1024,1.668
1024,1.664
1024,1.722
1024,1.707
1024,1.707
1024,1.707
1024,1.680
1024,1.716
1024,1.709
1024,1.707
1024,1.704
1024,1.711
1024,1.721
1024,1.716
1024,1.697
1024,1.716
1024,1.714
1024,1.688
1024,1.707
1024,1.709
1024,1.683
1024,1.703
1024,1.715
1024,1.708
1024,1.703
1024,1.682
1024,1.664
1024,1.682
1024,1.728
1024,1.664
1024,1.679
1024,1.707
1024,1.715
1024,1.703
1024,1.699
1024,1.703
1024,1.718
1024,1.714
1024,1.711
1024,1.691
1024,1.709
2048,1.781
2048,1.682
2048,1.662
2048,1.662
2048,1.654
2048,1.653
2048,1.648
2048,1.634
2048,1.656
2048,1.637
2048,1.641
2048,1.668
2048,1.646
2048,1.639
2048,1.644
2048,1.641
2048,1.659
2048,1.641
2048,1.647
2048,1.646
2048,1.659
2048,1.660
2048,1.653
2048,1.637
2048,1.645
2048,1.667
2048,1.654
2048,1.660
2048,1.652
2048,1.646
2048,1.641
2048,1.641
2048,1.645
2048,1.639
2048,1.654
2048,1.658
2048,1.669
2048,1.645
2048,1.640
2048,1.653
2048,1.664
2048,1.636
2048,1.627
2048,1.645
2048,1.640
2048,1.642
2048,1.643
2048,1.650
2048,1.647
2048,1.632
2048,1.642
2048,1.666
2048,1.656
2048,1.638
2048,1.629
2048,1.659
2048,1.639
2048,1.658
2048,1.641
2048,1.646
2048,1.668
2048,1.646
2048,1.672
2048,1.636
2048,1.639
2048,1.645
2048,1.640
2048,1.662
2048,1.632
2048,1.648
2048,1.642
2048,1.654
2048,1.673
2048,1.660
2048,1.642
2048,1.640
2048,1.641
2048,1.641
2048,1.658
2048,1.640
2048,1.654
2048,1.638
2048,1.645
2048,1.646
2048,1.645
2048,1.637
2048,1.664
2048,1.648
2048,1.658
2048,1.643
2048,1.659
2048,1.641
2048,1.656
2048,1.654
2048,1.664
2048,1.641
2048,1.641
2048,1.656
2048,1.648
2048,1.639
2048,1.646
2048,1.639
2048,1.666
2048,1.643
2048,1.655
2048,1.654
2048,1.664
2048,1.641
2048,1.668
2048,1.656
2048,1.646
2048,1.648
2048,1.654
2048,1.646
2048,1.640
2048,1.623
2048,1.667
2048,1.651
2048,1.660
2048,1.670
2048,1.647
2048,1.645
2048,1.647
2048,1.653
2048,1.659
2048,1.654
2048,1.655
2048,1.670
2048,1.655
2048,1.654
2048,1.638
2048,1.629
2048,1.648
2048,1.658
2048,1.648
2048,1.656
2048,1.648
2048,1.656
2048,1.643
2048,1.641
2048,1.657
2048,1.649
2048,1.641
2048,1.655
2048,1.665
2048,1.646
2048,1.649
2048,1.654
2048,1.654
2048,1.657
2048,1.661
2048,1.648
2048,1.657
2048,1.663
2048,1.635
2048,1.639
2048,1.646
2048,1.652
2048,1.635
2048,1.654
2048,1.640
2048,1.638
2048,1.653
2048,1.657
2048,1.655
2048,1.638
2048,1.636
2048,1.646
2048,1.645
2048,1.652
2048,1.663
2048,1.639
2048,1.652
2048,1.627
2048,1.652
2048,1.650
2048,1.662
2048,1.664
2048,1.633
2048,1.655
2048,1.632
2048,1.656
2048,1.654
2048,1.638
2048,1.639
2048,1.640
2048,1.656
2048,1.641
2048,1.652
2048,1.639
2048,1.637
2048,1.666
2048,1.634
2048,1.650
2048,1.653
2048,1.635
2048,1.636
2048,1.636
2048,1.652
2048,1.654
4096,1.715
4096,1.627
4096,1.626
4096,1.613
4096,1.641
4096,1.623
4096,1.611
4096,1.622
4096,1.620
4096,1.616
4096,1.625
4096,1.615
4096,1.619
4096,1.619
4096,1.619
4096,1.651
4096,1.623
4096,1.629
4096,1.622
4096,1.616
4096,1.613
4096,1.609
4096,1.641
4096,1.622
4096,1.622
4096,1.632
4096,1.647
4096,1.627
4096,1.615
4096,1.630
4096,1.629
4096,1.614
4096,1.622
4096,1.640
4096,1.631
4096,1.629
4096,1.616
4096,1.626
4096,1.613
4096,1.622
4096,1.628
4096,1.611
4096,1.625
4096,1.623
4096,1.635
4096,1.618
4096,1.621
4096,1.641
4096,1.624
4096,1.626
4096,1.619
4096,1.631
4096,1.607
4096,1.624
4096,1.614
4096,1.637
4096,1.612
4096,1.609
4096,1.631
4096,1.625
4096,1.613
4096,1.624
4096,1.636
4096,1.614
4096,1.632
4096,1.618
4096,1.637
4096,1.607
4096,1.626
4096,1.624
4096,1.618
4096,1.628
4096,1.618
4096,1.638
4096,1.642
4096,1.626
4096,1.629
4096,1.620
4096,1.615
4096,1.622
4096,1.617
4096,1.635
4096,1.619
4096,1.621
4096,1.630
4096,1.631
4096,1.625
4096,1.640
4096,1.616
4096,1.628
4096,1.629
4096,1.620
4096,1.621
4096,1.621
4096,1.621
4096,1.637
4096,1.624
4096,1.634
4096,1.632
4096,1.635
4096,1.618
4096,1.632
4096,1.627
4096,1.628
4096,1.616
4096,1.624
4096,1.638
4096,1.622
4096,1.629
4096,1.624
4096,1.630
4096,1.618
4096,1.632
4096,1.630
4096,1.621
4096,1.629
4096,1.634
4096,1.641
4096,1.615
4096,1.621
4096,1.615
4096,1.629
4096,1.642
4096,1.625
4096,1.638
4096,1.613
4096,1.616
4096,1.627
4096,1.637
4096,1.628
4096,1.630
4096,1.613
4096,1.626
4096,1.621
4096,1.629
4096,1.622
4096,1.625
4096,1.621
4096,1.624
4096,1.646
4096,1.607
4096,1.624
4096,1.632
4096,1.628
4096,1.631
4096,1.625
4096,1.627
4096,1.635
4096,1.616
4096,1.615
4096,1.647
4096,1.626
4096,1.625
4096,1.621
4096,1.630
4096,1.626
4096,1.609
4096,1.650
4096,1.637
4096,1.632
4096,1.618
4096,1.631
4096,1.615
4096,1.642
4096,1.609
4096,1.623
4096,1.628
4096,1.622
4096,1.648
4096,1.625
4096,1.635
4096,1.625
4096,1.612
4096,1.623
4096,1.627
4096,1.610
4096,1.603
4096,1.632
4096,1.635
4096,1.641
4096,1.623
4096,1.628
4096,1.634
4096,1.625
4096,1.627
4096,1.626
4096,1.616
4096,1.621
4096,1.621
4096,1.624
4096,1.629
4096,1.624
4096,1.621
4096,1.622
4096,1.634
4096,1.613
4096,1.624
4096,1.649
4096,1.626
4096,1.627
