requested_dpus,allocated_dpus,tasklets,phase,iter,ns
1,1,8,alloc,0,53083814
1,1,8,load,0,431865
1,1,8,launch,0,94525
1,1,8,launch,1,51616
1,1,8,launch,2,49113
1,1,8,launch,3,49448
1,1,8,launch,4,51603
1,1,8,launch,5,49468
1,1,8,launch,6,49062
1,1,8,launch,7,48690
1,1,8,launch,8,50374
1,1,8,launch,9,49368
1,1,8,launch,10,51049
1,1,8,launch,11,49132
1,1,8,launch,12,51849
1,1,8,launch,13,50958
1,1,8,launch,14,51087
1,1,8,launch,15,49343
1,1,8,launch,16,50306
1,1,8,launch,17,49203
1,1,8,launch,18,48997
1,1,8,launch,19,48124
1,1,8,launch,20,49906
1,1,8,launch,21,50561
1,1,8,launch,22,48983
1,1,8,launch,23,48998
1,1,8,launch,24,52501
1,1,8,launch,25,50399
1,1,8,launch,26,50454
1,1,8,launch,27,49702
1,1,8,launch,28,49648
1,1,8,launch,29,49236
1,1,8,launch,30,48853
1,1,8,launch,31,48580
1,1,8,launch,32,48815
1,1,8,launch,33,49304
1,1,8,launch,34,48588
1,1,8,launch,35,49649
1,1,8,launch,36,50002
1,1,8,launch,37,50459
1,1,8,launch,38,49444
1,1,8,launch,39,48489
1,1,8,launch,40,51725
1,1,8,launch,41,48772
1,1,8,launch,42,48401
1,1,8,launch,43,48503
1,1,8,launch,44,50059
1,1,8,launch,45,49440
1,1,8,launch,46,51301
1,1,8,launch,47,54211
1,1,8,launch,48,49717
1,1,8,launch,49,49449
2,2,8,alloc,0,25482611
2,2,8,load,0,302034
2,2,8,launch,0,49238
2,2,8,launch,1,46812
2,2,8,launch,2,50341
2,2,8,launch,3,50282
2,2,8,launch,4,48894
2,2,8,launch,5,48203
2,2,8,launch,6,47745
2,2,8,launch,7,49443
2,2,8,launch,8,49942
2,2,8,launch,9,47721
2,2,8,launch,10,49129
2,2,8,launch,11,48290
2,2,8,launch,12,50821
2,2,8,launch,13,49671
2,2,8,launch,14,49015
2,2,8,launch,15,48837
2,2,8,launch,16,48285
2,2,8,launch,17,49482
2,2,8,launch,18,49823
2,2,8,launch,19,47399
2,2,8,launch,20,47953
2,2,8,launch,21,48926
2,2,8,launch,22,48850
2,2,8,launch,23,54198
2,2,8,launch,24,48466
2,2,8,launch,25,48551
2,2,8,launch,26,47808
2,2,8,launch,27,50036
2,2,8,launch,28,49707
2,2,8,launch,29,49212
2,2,8,launch,30,48245
2,2,8,launch,31,49485
2,2,8,launch,32,47782
2,2,8,launch,33,49321
2,2,8,launch,34,49262
2,2,8,launch,35,48497
2,2,8,launch,36,50141
2,2,8,launch,37,49087
2,2,8,launch,38,48421
2,2,8,launch,39,48711
2,2,8,launch,40,53013
2,2,8,launch,41,79476
2,2,8,launch,42,49587
2,2,8,launch,43,49766
2,2,8,launch,44,51130
2,2,8,launch,45,48654
2,2,8,launch,46,49157
2,2,8,launch,47,49187
2,2,8,launch,48,47940
2,2,8,launch,49,47830
4,4,8,alloc,0,16714803
4,4,8,load,0,305668
4,4,8,launch,0,50362
4,4,8,launch,1,49705
4,4,8,launch,2,47918
4,4,8,launch,3,49317
4,4,8,launch,4,49895
4,4,8,launch,5,47085
4,4,8,launch,6,49408
4,4,8,launch,7,49525
4,4,8,launch,8,48860
4,4,8,launch,9,49684
4,4,8,launch,10,55116
4,4,8,launch,11,50607
4,4,8,launch,12,49001
4,4,8,launch,13,50050
4,4,8,launch,14,50048
4,4,8,launch,15,48758
4,4,8,launch,16,49358
4,4,8,launch,17,48162
4,4,8,launch,18,49967
4,4,8,launch,19,49380
4,4,8,launch,20,49222
4,4,8,launch,21,48514
4,4,8,launch,22,49381
4,4,8,launch,23,49647
4,4,8,launch,24,48419
4,4,8,launch,25,50095
4,4,8,launch,26,60696
4,4,8,launch,27,52092
4,4,8,launch,28,52067
4,4,8,launch,29,51210
4,4,8,launch,30,50603
4,4,8,launch,31,50586
4,4,8,launch,32,49403
4,4,8,launch,33,49366
4,4,8,launch,34,49638
4,4,8,launch,35,49126
4,4,8,launch,36,48722
4,4,8,launch,37,49187
4,4,8,launch,38,55379
4,4,8,launch,39,49342
4,4,8,launch,40,50462
4,4,8,launch,41,50523
4,4,8,launch,42,48909
4,4,8,launch,43,49243
4,4,8,launch,44,49378
4,4,8,launch,45,49581
4,4,8,launch,46,54771
4,4,8,launch,47,50368
4,4,8,launch,48,49593
4,4,8,launch,49,49773
8,8,8,alloc,0,16638454
8,8,8,load,0,321250
8,8,8,launch,0,48440
8,8,8,launch,1,47496
8,8,8,launch,2,47559
8,8,8,launch,3,47359
8,8,8,launch,4,48337
8,8,8,launch,5,47743
8,8,8,launch,6,47254
8,8,8,launch,7,46173
8,8,8,launch,8,48547
8,8,8,launch,9,52653
8,8,8,launch,10,47665
8,8,8,launch,11,47826
8,8,8,launch,12,47629
8,8,8,launch,13,47193
8,8,8,launch,14,47739
8,8,8,launch,15,47112
8,8,8,launch,16,47843
8,8,8,launch,17,58521
8,8,8,launch,18,47976
8,8,8,launch,19,47809
8,8,8,launch,20,49235
8,8,8,launch,21,47161
8,8,8,launch,22,47004
8,8,8,launch,23,47065
8,8,8,launch,24,47812
8,8,8,launch,25,47950
8,8,8,launch,26,47410
8,8,8,launch,27,48192
8,8,8,launch,28,46658
8,8,8,launch,29,45842
8,8,8,launch,30,47817
8,8,8,launch,31,46517
8,8,8,launch,32,48130
8,8,8,launch,33,47870
8,8,8,launch,34,46525
8,8,8,launch,35,47261
8,8,8,launch,36,47152
8,8,8,launch,37,46847
8,8,8,launch,38,47714
8,8,8,launch,39,47891
8,8,8,launch,40,46977
8,8,8,launch,41,47244
8,8,8,launch,42,48141
8,8,8,launch,43,48078
8,8,8,launch,44,46354
8,8,8,launch,45,47700
8,8,8,launch,46,47222
8,8,8,launch,47,46737
8,8,8,launch,48,47262
8,8,8,launch,49,47932
16,16,8,alloc,0,35508620
16,16,8,load,0,318938
16,16,8,launch,0,49953
16,16,8,launch,1,48253
16,16,8,launch,2,46806
16,16,8,launch,3,52107
16,16,8,launch,4,46961
16,16,8,launch,5,47227
16,16,8,launch,6,47671
16,16,8,launch,7,47366
16,16,8,launch,8,47194
16,16,8,launch,9,46363
16,16,8,launch,10,47166
16,16,8,launch,11,53158
16,16,8,launch,12,48169
16,16,8,launch,13,52667
16,16,8,launch,14,52553
16,16,8,launch,15,46952
16,16,8,launch,16,47196
16,16,8,launch,17,53278
16,16,8,launch,18,53762
16,16,8,launch,19,52898
16,16,8,launch,20,51685
16,16,8,launch,21,53987
16,16,8,launch,22,47334
16,16,8,launch,23,46546
16,16,8,launch,24,46945
16,16,8,launch,25,47427
16,16,8,launch,26,47484
16,16,8,launch,27,47764
16,16,8,launch,28,46457
16,16,8,launch,29,46572
16,16,8,launch,30,47165
16,16,8,launch,31,52206
16,16,8,launch,32,298818
16,16,8,launch,33,51391
16,16,8,launch,34,51848
16,16,8,launch,35,46592
16,16,8,launch,36,52380
16,16,8,launch,37,49393
16,16,8,launch,38,47075
16,16,8,launch,39,46565
16,16,8,launch,40,46945
16,16,8,launch,41,52520
16,16,8,launch,42,47354
16,16,8,launch,43,52463
16,16,8,launch,44,48041
16,16,8,launch,45,47525
16,16,8,launch,46,46353
16,16,8,launch,47,46731
16,16,8,launch,48,46935
16,16,8,launch,49,48198
32,32,8,alloc,0,22837310
32,32,8,load,0,313239
32,32,8,launch,0,49577
32,32,8,launch,1,47641
32,32,8,launch,2,47162
32,32,8,launch,3,48615
32,32,8,launch,4,47499
32,32,8,launch,5,47441
32,32,8,launch,6,48370
32,32,8,launch,7,51589
32,32,8,launch,8,47092
32,32,8,launch,9,47431
32,32,8,launch,10,47812
32,32,8,launch,11,47423
32,32,8,launch,12,46296
32,32,8,launch,13,46637
32,32,8,launch,14,48085
32,32,8,launch,15,48067
32,32,8,launch,16,47318
32,32,8,launch,17,46490
32,32,8,launch,18,47724
32,32,8,launch,19,47329
32,32,8,launch,20,47158
32,32,8,launch,21,48221
32,32,8,launch,22,47175
32,32,8,launch,23,47285
32,32,8,launch,24,47579
32,32,8,launch,25,47806
32,32,8,launch,26,45860
32,32,8,launch,27,49189
32,32,8,launch,28,47712
32,32,8,launch,29,47186
32,32,8,launch,30,47768
32,32,8,launch,31,47819
32,32,8,launch,32,46442
32,32,8,launch,33,46508
32,32,8,launch,34,47413
32,32,8,launch,35,47169
32,32,8,launch,36,47666
32,32,8,launch,37,47357
32,32,8,launch,38,47770
32,32,8,launch,39,46635
32,32,8,launch,40,47634
32,32,8,launch,41,47825
32,32,8,launch,42,47150
32,32,8,launch,43,47915
32,32,8,launch,44,47785
32,32,8,launch,45,47352
32,32,8,launch,46,48696
32,32,8,launch,47,47493
32,32,8,launch,48,45996
32,32,8,launch,49,48097
64,64,8,alloc,0,15825671
64,64,8,load,0,316990
64,64,8,launch,0,49400
64,64,8,launch,1,46007
64,64,8,launch,2,46980
64,64,8,launch,3,47379
64,64,8,launch,4,46929
64,64,8,launch,5,46956
64,64,8,launch,6,47916
64,64,8,launch,7,49277
64,64,8,launch,8,46433
64,64,8,launch,9,47409
64,64,8,launch,10,47011
64,64,8,launch,11,47132
64,64,8,launch,12,47423
64,64,8,launch,13,46365
64,64,8,launch,14,48614
64,64,8,launch,15,47365
64,64,8,launch,16,47281
64,64,8,launch,17,47673
64,64,8,launch,18,46440
64,64,8,launch,19,47917
64,64,8,launch,20,47901
64,64,8,launch,21,47667
64,64,8,launch,22,48172
64,64,8,launch,23,47090
64,64,8,launch,24,47229
64,64,8,launch,25,47547
64,64,8,launch,26,47290
64,64,8,launch,27,47433
64,64,8,launch,28,48632
64,64,8,launch,29,46497
64,64,8,launch,30,47105
64,64,8,launch,31,47441
64,64,8,launch,32,46115
64,64,8,launch,33,47302
64,64,8,launch,34,46892
64,64,8,launch,35,46635
64,64,8,launch,36,48387
64,64,8,launch,37,47215
64,64,8,launch,38,47930
64,64,8,launch,39,47126
64,64,8,launch,40,46242
64,64,8,launch,41,47820
64,64,8,launch,42,45931
64,64,8,launch,43,48521
64,64,8,launch,44,47048
64,64,8,launch,45,47475
64,64,8,launch,46,48175
64,64,8,launch,47,48462
64,64,8,launch,48,47258
64,64,8,launch,49,47444
128,128,8,alloc,0,17475506
128,128,8,load,0,352964
128,128,8,launch,0,59777
128,128,8,launch,1,58067
128,128,8,launch,2,58146
128,128,8,launch,3,58766
128,128,8,launch,4,56946
128,128,8,launch,5,58130
128,128,8,launch,6,58908
128,128,8,launch,7,58428
128,128,8,launch,8,60027
128,128,8,launch,9,57885
128,128,8,launch,10,57211
128,128,8,launch,11,56914
128,128,8,launch,12,56915
128,128,8,launch,13,58174
128,128,8,launch,14,58522
128,128,8,launch,15,56447
128,128,8,launch,16,60339
128,128,8,launch,17,57624
128,128,8,launch,18,58564
128,128,8,launch,19,58991
128,128,8,launch,20,57381
128,128,8,launch,21,57407
128,128,8,launch,22,57329
128,128,8,launch,23,57060
128,128,8,launch,24,60139
128,128,8,launch,25,57040
128,128,8,launch,26,58299
128,128,8,launch,27,57631
128,128,8,launch,28,60491
128,128,8,launch,29,58267
128,128,8,launch,30,58442
128,128,8,launch,31,101232
128,128,8,launch,32,58940
128,128,8,launch,33,57367
128,128,8,launch,34,58709
128,128,8,launch,35,57859
128,128,8,launch,36,59928
128,128,8,launch,37,56839
128,128,8,launch,38,57138
128,128,8,launch,39,57168
128,128,8,launch,40,58196
128,128,8,launch,41,59821
128,128,8,launch,42,59631
128,128,8,launch,43,57191
128,128,8,launch,44,56794
128,128,8,launch,45,56920
128,128,8,launch,46,58261
128,128,8,launch,47,56909
128,128,8,launch,48,56790
128,128,8,launch,49,58158
256,256,8,alloc,0,19991136
256,256,8,load,0,359243
256,256,8,launch,0,79612
256,256,8,launch,1,79168
256,256,8,launch,2,77477
256,256,8,launch,3,78128
256,256,8,launch,4,78253
256,256,8,launch,5,77768
256,256,8,launch,6,77567
256,256,8,launch,7,77593
256,256,8,launch,8,80807
256,256,8,launch,9,78164
256,256,8,launch,10,76977
256,256,8,launch,11,79207
256,256,8,launch,12,79125
256,256,8,launch,13,76982
256,256,8,launch,14,78103
256,256,8,launch,15,78058
256,256,8,launch,16,79693
256,256,8,launch,17,508578
256,256,8,launch,18,77400
256,256,8,launch,19,77615
256,256,8,launch,20,78487
256,256,8,launch,21,76948
256,256,8,launch,22,77943
256,256,8,launch,23,77688
256,256,8,launch,24,76570
256,256,8,launch,25,77551
256,256,8,launch,26,77661
256,256,8,launch,27,76701
256,256,8,launch,28,77132
256,256,8,launch,29,77665
256,256,8,launch,30,76986
256,256,8,launch,31,77124
256,256,8,launch,32,77877
256,256,8,launch,33,77578
256,256,8,launch,34,76314
256,256,8,launch,35,79344
256,256,8,launch,36,78323
256,256,8,launch,37,76923
256,256,8,launch,38,77991
256,256,8,launch,39,79170
256,256,8,launch,40,77826
256,256,8,launch,41,77765
256,256,8,launch,42,80367
256,256,8,launch,43,78959
256,256,8,launch,44,78328
256,256,8,launch,45,76365
256,256,8,launch,46,78348
256,256,8,launch,47,78618
256,256,8,launch,48,76948
256,256,8,launch,49,76848
512,512,8,alloc,0,25525694
512,512,8,load,0,404104
512,512,8,launch,0,90937
512,512,8,launch,1,88694
512,512,8,launch,2,87080
512,512,8,launch,3,96407
512,512,8,launch,4,89273
512,512,8,launch,5,88174
512,512,8,launch,6,90814
512,512,8,launch,7,91375
512,512,8,launch,8,90946
512,512,8,launch,9,88264
512,512,8,launch,10,90191
512,512,8,launch,11,90106
512,512,8,launch,12,92344
512,512,8,launch,13,87646
512,512,8,launch,14,89498
512,512,8,launch,15,89343
512,512,8,launch,16,87975
512,512,8,launch,17,89779
512,512,8,launch,18,398701
512,512,8,launch,19,91375
512,512,8,launch,20,86832
512,512,8,launch,21,87424
512,512,8,launch,22,89732
512,512,8,launch,23,85701
512,512,8,launch,24,94326
512,512,8,launch,25,90852
512,512,8,launch,26,88125
512,512,8,launch,27,88895
512,512,8,launch,28,88848
512,512,8,launch,29,89966
512,512,8,launch,30,90555
512,512,8,launch,31,91670
512,512,8,launch,32,86794
512,512,8,launch,33,90958
512,512,8,launch,34,91302
512,512,8,launch,35,87500
512,512,8,launch,36,90616
512,512,8,launch,37,93847
512,512,8,launch,38,94455
512,512,8,launch,39,95310
512,512,8,launch,40,92233
512,512,8,launch,41,85621
512,512,8,launch,42,89208
512,512,8,launch,43,87814
512,512,8,launch,44,91761
512,512,8,launch,45,90284
512,512,8,launch,46,90243
512,512,8,launch,47,89598
512,512,8,launch,48,89979
512,512,8,launch,49,95278
1024,1024,8,alloc,0,37246452
1024,1024,8,load,0,430447
1024,1024,8,launch,0,134301
1024,1024,8,launch,1,127096
1024,1024,8,launch,2,129487
1024,1024,8,launch,3,130204
1024,1024,8,launch,4,125512
1024,1024,8,launch,5,124717
1024,1024,8,launch,6,131875
1024,1024,8,launch,7,129555
1024,1024,8,launch,8,133572
1024,1024,8,launch,9,122515
1024,1024,8,launch,10,554884
1024,1024,8,launch,11,127250
1024,1024,8,launch,12,122676
1024,1024,8,launch,13,126677
1024,1024,8,launch,14,127410
1024,1024,8,launch,15,126911
1024,1024,8,launch,16,132550
1024,1024,8,launch,17,126832
1024,1024,8,launch,18,127500
1024,1024,8,launch,19,129413
1024,1024,8,launch,20,125461
1024,1024,8,launch,21,129396
1024,1024,8,launch,22,127270
1024,1024,8,launch,23,124677
1024,1024,8,launch,24,137890
1024,1024,8,launch,25,133650
1024,1024,8,launch,26,127790
1024,1024,8,launch,27,130231
1024,1024,8,launch,28,125360
1024,1024,8,launch,29,128005
1024,1024,8,launch,30,129732
1024,1024,8,launch,31,127170
1024,1024,8,launch,32,127523
1024,1024,8,launch,33,126567
1024,1024,8,launch,34,127922
1024,1024,8,launch,35,125430
1024,1024,8,launch,36,124590
1024,1024,8,launch,37,121653
1024,1024,8,launch,38,155048
1024,1024,8,launch,39,142432
1024,1024,8,launch,40,145084
1024,1024,8,launch,41,174416
1024,1024,8,launch,42,140240
1024,1024,8,launch,43,145530
1024,1024,8,launch,44,150907
1024,1024,8,launch,45,127173
1024,1024,8,launch,46,124996
1024,1024,8,launch,47,125271
1024,1024,8,launch,48,126439
1024,1024,8,launch,49,125946
2048,2048,8,alloc,0,123451559
2048,2048,8,load,0,780289
2048,2048,8,launch,0,300628
2048,2048,8,launch,1,304523
2048,2048,8,launch,2,294278
2048,2048,8,launch,3,294011
2048,2048,8,launch,4,302659
2048,2048,8,launch,5,295997
2048,2048,8,launch,6,295844
2048,2048,8,launch,7,291978
2048,2048,8,launch,8,294611
2048,2048,8,launch,9,304063
2048,2048,8,launch,10,292467
2048,2048,8,launch,11,299268
2048,2048,8,launch,12,298722
2048,2048,8,launch,13,290339
2048,2048,8,launch,14,302581
2048,2048,8,launch,15,291088
2048,2048,8,launch,16,291087
2048,2048,8,launch,17,296217
2048,2048,8,launch,18,304386
2048,2048,8,launch,19,293881
2048,2048,8,launch,20,292854
2048,2048,8,launch,21,301600
2048,2048,8,launch,22,314143
2048,2048,8,launch,23,351183
2048,2048,8,launch,24,316211
2048,2048,8,launch,25,295836
2048,2048,8,launch,26,299540
2048,2048,8,launch,27,300706
2048,2048,8,launch,28,292354
2048,2048,8,launch,29,296400
2048,2048,8,launch,30,292535
2048,2048,8,launch,31,299566
2048,2048,8,launch,32,304528
2048,2048,8,launch,33,306815
2048,2048,8,launch,34,296351
2048,2048,8,launch,35,296826
2048,2048,8,launch,36,310761
2048,2048,8,launch,37,294788
2048,2048,8,launch,38,301178
2048,2048,8,launch,39,298095
2048,2048,8,launch,40,307366
2048,2048,8,launch,41,293912
2048,2048,8,launch,42,292400
2048,2048,8,launch,43,298563
2048,2048,8,launch,44,315229
2048,2048,8,launch,45,298372
2048,2048,8,launch,46,299615
2048,2048,8,launch,47,306250
2048,2048,8,launch,48,308158
2048,2048,8,launch,49,321539
