tasklets,trial,barrier_ns,control_ns,overhead_ns_per_barrier
1,0,161025.0,130115.0,309.10
1,1,160359.0,133726.0,266.33
1,2,159555.0,129191.0,303.64
1,3,166032.0,208312.0,-422.80
1,4,160576.0,154350.0,62.26
1,5,159524.0,135223.0,243.01
1,6,160346.0,134297.0,260.49
1,7,159056.0,134930.0,241.26
1,8,158778.0,135864.0,229.14
1,9,164936.0,135980.0,289.56
1,10,164066.0,133098.0,309.68
1,11,164085.0,133711.0,303.74
1,12,158470.0,132625.0,258.45
1,13,158708.0,132177.0,265.31
1,14,158325.0,131097.0,272.28
1,15,164012.0,134282.0,297.30
1,16,164641.0,133531.0,311.10
1,17,159966.0,132125.0,278.41
1,18,164111.0,133080.0,310.31
1,19,159294.0,131474.0,278.20
1,20,159342.0,134012.0,253.30
1,21,159091.0,134037.0,250.54
1,22,168383.0,131301.0,370.82
1,23,160367.0,134119.0,262.48
1,24,158723.0,133603.0,251.20
1,25,159584.0,132096.0,274.88
1,26,159061.0,130813.0,282.48
1,27,159085.0,131529.0,275.56
1,28,159557.0,133262.0,262.95
1,29,159692.0,131606.0,280.86
1,30,160162.0,130893.0,292.69
1,31,158755.0,131370.0,273.85
1,32,160005.0,131763.0,282.42
1,33,158959.0,147607.0,113.52
1,34,163968.0,131301.0,326.67
1,35,159544.0,131515.0,280.29
1,36,159402.0,133419.0,259.83
1,37,158383.0,131902.0,264.81
1,38,158861.0,132165.0,266.96
1,39,165015.0,131179.0,338.36
1,40,163985.0,131063.0,329.22
1,41,163781.0,131268.0,325.13
1,42,159284.0,131551.0,277.33
1,43,159732.0,132942.0,267.90
1,44,164654.0,132710.0,319.44
1,45,159858.0,131390.0,284.68
1,46,159537.0,132050.0,274.87
1,47,170071.0,131415.0,386.56
1,48,165576.0,131244.0,343.32
1,49,165375.0,131671.0,337.04
1,50,165324.0,131665.0,336.59
1,51,164603.0,132312.0,322.91
1,52,160622.0,132132.0,284.90
1,53,160415.0,131952.0,284.63
1,54,160207.0,131462.0,287.45
1,55,160310.0,131887.0,284.23
1,56,160467.0,131837.0,286.30
1,57,159042.0,131728.0,273.14
1,58,159974.0,131270.0,287.04
1,59,163726.0,132918.0,308.08
1,60,164199.0,131663.0,325.36
1,61,164942.0,131314.0,336.28
1,62,159579.0,131538.0,280.41
1,63,163847.0,133174.0,306.73
1,64,158252.0,134710.0,235.42
1,65,159459.0,133616.0,258.43
1,66,158663.0,133450.0,252.13
1,67,158791.0,133711.0,250.80
1,68,165087.0,132680.0,324.07
1,69,159581.0,131883.0,276.98
1,70,158923.0,131057.0,278.66
1,71,160058.0,131389.0,286.69
1,72,160986.0,132258.0,287.28
1,73,159819.0,132026.0,277.93
1,74,164907.0,132489.0,324.18
1,75,160297.0,131891.0,284.06
1,76,160058.0,131923.0,281.35
1,77,159857.0,131871.0,279.86
1,78,159750.0,131340.0,284.10
1,79,164577.0,131145.0,334.32
1,80,158277.0,132321.0,259.56
1,81,164521.0,131811.0,327.10
1,82,159517.0,132139.0,273.78
1,83,158312.0,131920.0,263.92
1,84,164224.0,132231.0,319.93
1,85,164893.0,131177.0,337.16
1,86,158412.0,130689.0,277.23
1,87,158589.0,131403.0,271.86
1,88,163848.0,132204.0,316.44
1,89,159590.0,131571.0,280.19
1,90,160735.0,130717.0,300.18
1,91,158486.0,131920.0,265.66
1,92,159444.0,131995.0,274.49
1,93,163524.0,138179.0,253.45
1,94,163963.0,136144.0,278.19
1,95,162886.0,136744.0,261.42
1,96,162263.0,133836.0,284.27
1,97,164989.0,133075.0,319.14
1,98,163896.0,132733.0,311.63
1,99,162861.0,132770.0,300.91
2,0,200853.0,131118.0,697.35
2,1,206013.0,130233.0,757.80
2,2,433574.0,127511.0,3060.63
2,3,208423.0,126380.0,820.43
2,4,211339.0,123514.0,878.25
2,5,211222.0,132437.0,787.85
2,6,210892.0,126652.0,842.40
2,7,213498.0,126504.0,869.94
2,8,212839.0,128077.0,847.62
2,9,211427.0,125936.0,854.91
2,10,205875.0,124884.0,809.91
2,11,206629.0,124663.0,819.66
2,12,206297.0,130986.0,753.11
2,13,205004.0,131309.0,736.95
2,14,210460.0,125820.0,846.40
2,15,206606.0,131181.0,754.25
2,16,205846.0,124700.0,811.46
2,17,206264.0,125759.0,805.05
2,18,205632.0,125148.0,804.84
2,19,211036.0,125492.0,855.44
2,20,213266.0,126109.0,871.57
2,21,215704.0,126951.0,887.53
2,22,205678.0,125884.0,797.94
2,23,206276.0,131243.0,750.33
2,24,205204.0,126694.0,785.10
2,25,204700.0,128639.0,760.61
2,26,210941.0,127129.0,838.12
2,27,206755.0,131841.0,749.14
2,28,205045.0,125596.0,794.49
2,29,208720.0,125962.0,827.58
2,30,208680.0,131652.0,770.28
2,31,209952.0,130849.0,791.03
2,32,206733.0,131989.0,747.44
2,33,209777.0,128850.0,809.27
2,34,204073.0,126350.0,777.23
2,35,208766.0,151934.0,568.32
2,36,209727.0,130773.0,789.54
2,37,208302.0,124137.0,841.65
2,38,205126.0,123632.0,814.94
2,39,209041.0,123082.0,859.59
2,40,207707.0,123961.0,837.46
2,41,206267.0,123568.0,826.99
2,42,205706.0,122087.0,836.19
2,43,206942.0,122741.0,842.01
2,44,203424.0,121964.0,814.60
2,45,210192.0,121767.0,884.25
2,46,206653.0,122602.0,840.51
2,47,209080.0,122634.0,864.46
2,48,204778.0,121898.0,828.80
2,49,208670.0,123055.0,856.15
2,50,221971.0,123800.0,981.71
2,51,203017.0,122012.0,810.05
2,52,201365.0,121394.0,799.71
2,53,204217.0,122350.0,818.67
2,54,203948.0,122054.0,818.94
2,55,202831.0,122100.0,807.31
2,56,202026.0,122500.0,795.26
2,57,204463.0,122340.0,821.23
2,58,205277.0,122666.0,826.11
2,59,205782.0,123406.0,823.76
2,60,209848.0,121941.0,879.07
2,61,205425.0,122070.0,833.55
2,62,207629.0,123243.0,843.86
2,63,207187.0,122096.0,850.91
2,64,199469.0,122513.0,769.56
2,65,201848.0,122016.0,798.32
2,66,202943.0,122914.0,800.29
2,67,201602.0,123624.0,779.78
2,68,200701.0,123793.0,769.08
2,69,204025.0,121618.0,824.07
2,70,204181.0,121742.0,824.39
2,71,205412.0,122385.0,830.27
2,72,201189.0,121980.0,792.09
2,73,201398.0,121600.0,797.98
2,74,205260.0,122449.0,828.11
2,75,203190.0,123079.0,801.11
2,76,203363.0,123355.0,800.08
2,77,203835.0,123167.0,806.68
2,78,203898.0,127084.0,768.14
2,79,206381.0,126795.0,795.86
2,80,208643.0,126802.0,818.41
2,81,209998.0,126208.0,837.90
2,82,210417.0,126986.0,834.31
2,83,204122.0,127537.0,765.85
2,84,204565.0,128371.0,761.94
2,85,204459.0,127051.0,774.08
2,86,202739.0,127509.0,752.30
2,87,204174.0,127252.0,769.22
2,88,203869.0,126241.0,776.28
2,89,205247.0,127582.0,776.65
2,90,202414.0,126590.0,758.24
2,91,200607.0,127793.0,728.14
2,92,205207.0,127328.0,778.79
2,93,203763.0,126752.0,770.11
2,94,205341.0,126954.0,783.87
2,95,203601.0,126903.0,766.98
2,96,199774.0,126641.0,731.33
2,97,200338.0,126604.0,737.34
2,98,208968.0,126658.0,823.10
2,99,205355.0,138006.0,673.49
3,0,244309.0,131304.0,1130.05
3,1,244363.0,130493.0,1138.70
3,2,242665.0,129775.0,1128.90
3,3,242570.0,149192.0,933.78
3,4,249204.0,131916.0,1172.88
3,5,240423.0,130512.0,1099.11
3,6,242586.0,143754.0,988.32
3,7,244548.0,130753.0,1137.95
3,8,243853.0,128254.0,1155.99
3,9,240410.0,134568.0,1058.42
3,10,241289.0,130982.0,1103.07
3,11,267980.0,136512.0,1314.68
3,12,244992.0,131017.0,1139.75
3,13,244513.0,130138.0,1143.75
3,14,244269.0,132008.0,1122.61
3,15,242744.0,129066.0,1136.78
3,16,246260.0,135393.0,1108.67
3,17,240264.0,130179.0,1100.85
3,18,239906.0,130665.0,1092.41
3,19,240357.0,133510.0,1068.47
3,20,241868.0,132799.0,1090.69
3,21,240866.0,132029.0,1088.37
3,22,241043.0,133646.0,1073.97
3,23,246932.0,132863.0,1140.69
3,24,248437.0,127163.0,1212.74
3,25,241740.0,126778.0,1149.62
3,26,239970.0,133246.0,1067.24
3,27,240152.0,128143.0,1120.09
3,28,239517.0,132269.0,1072.48
3,29,242219.0,132291.0,1099.28
3,30,250048.0,127053.0,1229.95
3,31,243492.0,132377.0,1111.15
3,32,240395.0,133041.0,1073.54
3,33,241547.0,132895.0,1086.52
3,34,241496.0,127870.0,1136.26
3,35,240384.0,126532.0,1138.52
3,36,240236.0,492527.0,-2522.91
3,37,242481.0,133637.0,1088.44
3,38,246106.0,131072.0,1150.34
3,39,236795.0,131594.0,1052.01
3,40,237033.0,127566.0,1094.67
3,41,244074.0,132927.0,1111.47
3,42,253487.0,132255.0,1212.32
3,43,237355.0,134129.0,1032.26
3,44,286799.0,134029.0,1527.70
3,45,246736.0,133405.0,1133.31
3,46,243243.0,132836.0,1104.07
3,47,244617.0,133231.0,1113.86
3,48,242792.0,132646.0,1101.46
3,49,237017.0,132679.0,1043.38
3,50,247092.0,132723.0,1143.69
3,51,241636.0,133891.0,1077.45
3,52,237697.0,133119.0,1045.78
3,53,240117.0,132917.0,1072.00
3,54,246544.0,131911.0,1146.33
3,55,242971.0,132999.0,1099.72
3,56,241992.0,132083.0,1099.09
3,57,243364.0,132395.0,1109.69
3,58,237146.0,132506.0,1046.40
3,59,241186.0,134699.0,1064.87
3,60,239196.0,132714.0,1064.82
3,61,245499.0,133191.0,1123.08
3,62,243263.0,133208.0,1100.55
3,63,244202.0,142453.0,1017.49
3,64,243774.0,130672.0,1131.02
3,65,246570.0,130769.0,1158.01
3,66,242179.0,131160.0,1110.19
3,67,243981.0,130716.0,1132.65
3,68,236726.0,132717.0,1040.09
3,69,240787.0,132747.0,1080.40
3,70,241902.0,132553.0,1093.49
3,71,235760.0,128084.0,1076.76
3,72,241331.0,133084.0,1082.47
3,73,240343.0,132550.0,1077.93
3,74,243304.0,127237.0,1160.67
3,75,242185.0,127961.0,1142.24
3,76,240339.0,140773.0,995.66
3,77,239619.0,131495.0,1081.24
3,78,240853.0,132154.0,1086.99
3,79,243973.0,130853.0,1131.20
3,80,244631.0,131000.0,1136.31
3,81,243346.0,130650.0,1126.96
3,82,242597.0,129153.0,1134.44
3,83,243129.0,132553.0,1105.76
3,84,243702.0,129059.0,1146.43
3,85,245166.0,130900.0,1142.66
3,86,245548.0,131605.0,1139.43
3,87,243951.0,129978.0,1139.73
3,88,242451.0,130238.0,1122.13
3,89,242856.0,131129.0,1117.27
3,90,244140.0,131078.0,1130.62
3,91,243354.0,128962.0,1143.92
3,92,243999.0,127636.0,1163.63
3,93,240207.0,129263.0,1109.44
3,94,243765.0,134742.0,1090.23
3,95,240798.0,132997.0,1078.01
3,96,241857.0,136232.0,1056.25
3,97,241042.0,129319.0,1117.23
3,98,247135.0,131229.0,1159.06
3,99,243437.0,132754.0,1106.83
4,0,285777.0,129494.0,1562.83
4,1,280220.0,130404.0,1498.16
4,2,279541.0,129223.0,1503.18
4,3,278880.0,127150.0,1517.30
4,4,285654.0,128075.0,1575.79
4,5,281176.0,126594.0,1545.82
4,6,278809.0,126575.0,1522.34
4,7,278004.0,134125.0,1438.79
4,8,278914.0,128350.0,1505.64
4,9,281185.0,129816.0,1513.69
4,10,284920.0,127015.0,1579.05
4,11,279049.0,126135.0,1529.14
4,12,289133.0,133359.0,1557.74
4,13,279579.0,125971.0,1536.08
4,14,278512.0,126052.0,1524.60
4,15,279990.0,126523.0,1534.67
4,16,280422.0,125772.0,1546.50
4,17,280239.0,126304.0,1539.35
4,18,285560.0,125682.0,1598.78
4,19,278987.0,126330.0,1526.57
4,20,280525.0,132002.0,1485.23
4,21,285670.0,126544.0,1591.26
4,22,285357.0,132206.0,1531.51
4,23,286809.0,127551.0,1592.58
4,24,280249.0,126562.0,1536.87
4,25,286714.0,125655.0,1610.59
4,26,286845.0,126034.0,1608.11
4,27,284232.0,127071.0,1571.61
4,28,284518.0,125873.0,1586.45
4,29,284654.0,131631.0,1530.23
4,30,279622.0,129762.0,1498.60
4,31,281450.0,128524.0,1529.26
4,32,280516.0,130544.0,1499.72
4,33,286049.0,129564.0,1564.85
4,34,280772.0,125451.0,1553.21
4,35,280010.0,126312.0,1536.98
4,36,286560.0,126304.0,1602.56
4,37,285192.0,127039.0,1581.53
4,38,278971.0,126406.0,1525.65
4,39,281317.0,125854.0,1554.63
4,40,284102.0,127201.0,1569.01
4,41,284549.0,125360.0,1591.89
4,42,284598.0,127493.0,1571.05
4,43,284381.0,125855.0,1585.26
4,44,279825.0,126000.0,1538.25
4,45,278691.0,128119.0,1505.72
4,46,277702.0,126470.0,1512.32
4,47,280360.0,125834.0,1545.26
4,48,279715.0,124511.0,1552.04
4,49,281020.0,129183.0,1518.37
4,50,281055.0,127304.0,1537.51
4,51,278603.0,129450.0,1491.53
4,52,279615.0,127712.0,1519.03
4,53,289762.0,128475.0,1612.87
4,54,281789.0,127977.0,1538.12
4,55,280705.0,127380.0,1533.25
4,56,280224.0,127765.0,1524.59
4,57,276911.0,127481.0,1494.30
4,58,282492.0,129015.0,1534.77
4,59,281777.0,129059.0,1527.18
4,60,286102.0,163701.0,1224.01
4,61,282224.0,134154.0,1480.70
4,62,282975.0,130035.0,1529.40
4,63,285228.0,128211.0,1570.17
4,64,286249.0,128430.0,1578.19
4,65,282173.0,127438.0,1547.35
4,66,282925.0,127952.0,1549.73
4,67,280366.0,127058.0,1533.08
4,68,787017.0,126500.0,6605.17
4,69,279846.0,128278.0,1515.68
4,70,277813.0,133354.0,1444.59
4,71,283015.0,128004.0,1550.11
4,72,285617.0,127497.0,1581.20
4,73,285927.0,126258.0,1596.69
4,74,282807.0,127574.0,1552.33
4,75,285938.0,126222.0,1597.16
4,76,278374.0,126691.0,1516.83
4,77,276786.0,128420.0,1483.66
4,78,284655.0,126747.0,1579.08
4,79,282466.0,128148.0,1543.18
4,80,279932.0,127134.0,1527.98
4,81,285505.0,129288.0,1562.17
4,82,289659.0,127608.0,1620.51
4,83,280026.0,127691.0,1523.35
4,84,283219.0,127470.0,1557.49
4,85,280454.0,127822.0,1526.32
4,86,281379.0,129734.0,1516.45
4,87,290590.0,127147.0,1634.43
4,88,283750.0,127570.0,1561.80
4,89,282419.0,128944.0,1534.75
4,90,280290.0,127522.0,1527.68
4,91,281977.0,138623.0,1433.54
4,92,284742.0,129928.0,1548.14
4,93,280647.0,130296.0,1503.51
4,94,285695.0,132379.0,1533.16
4,95,285379.0,132084.0,1532.95
4,96,287958.0,129744.0,1582.14
4,97,283231.0,128521.0,1547.10
4,98,282214.0,129307.0,1529.07
4,99,284839.0,128506.0,1563.33
5,0,322225.0,129450.0,1927.75
5,1,322281.0,212248.0,1100.33
5,2,321233.0,130055.0,1911.78
5,3,320370.0,134526.0,1858.44
5,4,320687.0,129658.0,1910.29
5,5,319297.0,134183.0,1851.14
5,6,319179.0,131225.0,1879.54
5,7,320608.0,132309.0,1882.99
5,8,324914.0,126922.0,1979.92
5,9,319756.0,126925.0,1928.31
5,10,319350.0,132771.0,1865.79
5,11,319014.0,126661.0,1923.53
5,12,320672.0,131279.0,1893.93
5,13,318988.0,131312.0,1876.76
5,14,320512.0,131304.0,1892.08
5,15,319909.0,131844.0,1880.65
5,16,318802.0,126447.0,1923.55
5,17,319478.0,125854.0,1936.24
5,18,319624.0,132030.0,1875.94
5,19,318545.0,131967.0,1865.78
5,20,319171.0,132413.0,1867.58
5,21,322651.0,133367.0,1892.84
5,22,323844.0,132069.0,1917.75
5,23,324580.0,132849.0,1917.31
5,24,317131.0,126425.0,1907.06
5,25,325635.0,132550.0,1930.85
5,26,325642.0,132064.0,1935.78
5,27,319963.0,131783.0,1881.80
5,28,319639.0,131332.0,1883.07
5,29,324397.0,132267.0,1921.30
5,30,324928.0,125647.0,1992.81
5,31,324891.0,130536.0,1943.55
5,32,318074.0,131100.0,1869.74
5,33,319201.0,133506.0,1856.95
5,34,320428.0,132768.0,1876.60
5,35,323680.0,132850.0,1908.30
5,36,324340.0,126961.0,1973.79
5,37,331767.0,134426.0,1973.41
5,38,324574.0,132352.0,1922.22
5,39,323039.0,131993.0,1910.46
5,40,322598.0,126364.0,1962.34
5,41,321385.0,130983.0,1904.02
5,42,319375.0,130917.0,1884.58
5,43,319194.0,130348.0,1888.46
5,44,321031.0,131892.0,1891.39
5,45,318482.0,132214.0,1862.68
5,46,319475.0,131299.0,1881.76
5,47,320033.0,132070.0,1879.63
5,48,329022.0,126337.0,2026.85
5,49,320430.0,131010.0,1894.20
5,50,320048.0,136742.0,1833.06
5,51,326419.0,131975.0,1944.44
5,52,317355.0,131231.0,1861.24
5,53,323478.0,132542.0,1909.36
5,54,323361.0,132156.0,1912.05
5,55,322653.0,132041.0,1906.12
5,56,322062.0,131612.0,1904.50
5,57,325587.0,130670.0,1949.17
5,58,325339.0,131626.0,1937.13
5,59,317769.0,131771.0,1859.98
5,60,326163.0,131540.0,1946.23
5,61,326791.0,131805.0,1949.86
5,62,320262.0,142124.0,1781.38
5,63,323667.0,132055.0,1916.12
5,64,322881.0,127109.0,1957.72
5,65,322298.0,131313.0,1909.85
5,66,324378.0,131000.0,1933.78
5,67,323398.0,126088.0,1973.10
5,68,322983.0,126985.0,1959.98
5,69,316587.0,131208.0,1853.79
5,70,323284.0,126235.0,1970.49
5,71,319829.0,132528.0,1873.01
5,72,324052.0,126640.0,1974.12
5,73,966297.0,131169.0,8351.28
5,74,323299.0,130331.0,1929.68
5,75,318545.0,127211.0,1913.34
5,76,323268.0,134416.0,1888.52
5,77,318970.0,128565.0,1904.05
5,78,325504.0,132911.0,1925.93
5,79,324613.0,127192.0,1974.21
5,80,326127.0,134961.0,1911.66
5,81,324262.0,127610.0,1966.52
5,82,325096.0,127850.0,1972.46
5,83,320772.0,127396.0,1933.76
5,84,321667.0,127816.0,1938.51
5,85,324749.0,128693.0,1960.56
5,86,324191.0,126428.0,1977.63
5,87,320670.0,133361.0,1873.09
5,88,319219.0,127661.0,1915.58
5,89,316912.0,127499.0,1894.13
5,90,321723.0,127242.0,1944.81
5,91,318995.0,133212.0,1857.83
5,92,316495.0,137138.0,1793.57
5,93,317524.0,132085.0,1854.39
5,94,322343.0,130212.0,1921.31
5,95,321509.0,130682.0,1908.27
5,96,322624.0,130442.0,1921.82
5,97,326461.0,128968.0,1974.93
5,98,323981.0,127796.0,1961.85
5,99,316952.0,128867.0,1880.85
6,0,359400.0,134106.0,2252.94
6,1,360449.0,139823.0,2206.26
6,2,357564.0,126193.0,2313.71
6,3,361429.0,130127.0,2313.02
6,4,371956.0,128126.0,2438.30
6,5,361958.0,127820.0,2341.38
6,6,365634.0,129083.0,2365.51
6,7,363211.0,126059.0,2371.52
6,8,360621.0,127704.0,2329.17
6,9,358306.0,126585.0,2317.21
6,10,365371.0,127743.0,2376.28
6,11,358638.0,134472.0,2241.66
6,12,359274.0,133970.0,2253.04
6,13,361098.0,127376.0,2337.22
6,14,361577.0,126840.0,2347.37
6,15,368018.0,127401.0,2406.17
6,16,358459.0,128662.0,2297.97
6,17,359619.0,128721.0,2308.98
6,18,367367.0,136465.0,2309.02
6,19,357668.0,128919.0,2287.49
6,20,357224.0,133490.0,2237.34
6,21,364251.0,133045.0,2312.06
6,22,355801.0,127968.0,2278.33
6,23,358173.0,127737.0,2304.36
6,24,365142.0,127177.0,2379.65
6,25,397703.0,129010.0,2686.93
6,26,360475.0,131576.0,2288.99
6,27,357163.0,128531.0,2286.32
6,28,368596.0,126614.0,2419.82
6,29,363846.0,128227.0,2356.19
6,30,359463.0,127084.0,2323.79
6,31,359741.0,127100.0,2326.41
6,32,358915.0,125839.0,2330.76
6,33,358924.0,126222.0,2327.02
6,34,359018.0,133307.0,2257.11
6,35,359571.0,128341.0,2312.30
6,36,362098.0,133243.0,2288.55
6,37,362068.0,126766.0,2353.02
6,38,363431.0,126279.0,2371.52
6,39,362155.0,128304.0,2338.51
6,40,361572.0,127148.0,2344.24
6,41,358734.0,137826.0,2209.08
6,42,357121.0,132889.0,2242.32
6,43,357131.0,135091.0,2220.40
6,44,358482.0,126735.0,2317.47
6,45,357165.0,127981.0,2291.84
6,46,357916.0,137008.0,2209.08
6,47,359538.0,137754.0,2217.84
6,48,361979.0,132635.0,2293.44
6,49,361430.0,136607.0,2248.23
6,50,363406.0,126586.0,2368.20
6,51,360838.0,128722.0,2321.16
6,52,359303.0,126882.0,2324.21
6,53,358524.0,133126.0,2253.98
6,54,356969.0,127066.0,2299.03
6,55,357858.0,133419.0,2244.39
6,56,357163.0,127350.0,2298.13
6,57,354634.0,126325.0,2283.09
6,58,358729.0,126523.0,2322.06
6,59,357493.0,127599.0,2298.94
6,60,358693.0,129082.0,2296.11
6,61,360065.0,128972.0,2310.93
6,62,358101.0,126676.0,2314.25
6,63,364335.0,128168.0,2361.67
6,64,363942.0,131958.0,2319.84
6,65,362913.0,142227.0,2206.86
6,66,360555.0,139364.0,2211.91
6,67,360254.0,135218.0,2250.36
6,68,362259.0,126612.0,2356.47
6,69,699485.0,131494.0,5679.91
6,70,360506.0,148171.0,2123.35
6,71,359127.0,127973.0,2311.54
6,72,358247.0,126378.0,2318.69
6,73,358911.0,136783.0,2221.28
6,74,355101.0,136502.0,2185.99
6,75,360465.0,132616.0,2278.49
6,76,358773.0,131329.0,2274.44
6,77,359530.0,132281.0,2272.49
6,78,355247.0,143552.0,2116.95
6,79,355964.0,474229.0,-1182.65
6,80,371978.0,136254.0,2357.24
6,81,364235.0,135693.0,2285.42
6,82,358341.0,133548.0,2247.93
6,83,359569.0,130141.0,2294.28
6,84,364712.0,131064.0,2336.48
6,85,363121.0,129955.0,2331.66
6,86,358964.0,129035.0,2299.29
6,87,361221.0,130571.0,2306.50
6,88,355710.0,130019.0,2256.91
6,89,356018.0,126994.0,2290.24
6,90,356810.0,125719.0,2310.91
6,91,356207.0,130026.0,2261.81
6,92,357417.0,130083.0,2273.34
6,93,364728.0,136061.0,2286.67
6,94,365768.0,129813.0,2359.55
6,95,362744.0,130776.0,2319.68
6,96,358531.0,129878.0,2286.53
6,97,356902.0,125960.0,2309.42
6,98,356044.0,129907.0,2261.37
6,99,360028.0,131184.0,2288.44
7,0,403660.0,130022.0,2736.38
7,1,410754.0,136897.0,2738.57
7,2,401329.0,128019.0,2733.10
7,3,398068.0,126546.0,2715.22
7,4,402237.0,132286.0,2699.51
7,5,402862.0,131915.0,2709.47
7,6,402037.0,130729.0,2713.08
7,7,400881.0,130192.0,2706.89
7,8,400227.0,130870.0,2693.57
7,9,399639.0,130016.0,2696.23
7,10,399392.0,126905.0,2724.87
7,11,394381.0,129940.0,2644.41
7,12,397702.0,131123.0,2665.79
7,13,399269.0,130902.0,2683.67
7,14,403041.0,129654.0,2733.87
7,15,401161.0,130157.0,2710.04
7,16,401373.0,130783.0,2705.90
7,17,409253.0,129150.0,2801.03
7,18,399671.0,140257.0,2594.14
7,19,399068.0,125266.0,2738.02
7,20,397571.0,131193.0,2663.78
7,21,399029.0,130735.0,2682.94
7,22,398624.0,129995.0,2686.29
7,23,397016.0,129015.0,2680.01
7,24,402330.0,130917.0,2714.13
7,25,398791.0,129896.0,2688.95
7,26,401896.0,129954.0,2719.42
7,27,402121.0,128930.0,2731.91
7,28,397642.0,131017.0,2666.25
7,29,405554.0,131053.0,2745.01
7,30,399640.0,127901.0,2717.39
7,31,399332.0,130253.0,2690.79
7,32,399469.0,131633.0,2678.36
7,33,397907.0,129911.0,2679.96
7,34,399829.0,130021.0,2698.08
7,35,399290.0,129933.0,2693.57
7,36,407742.0,131442.0,2763.00
7,37,400019.0,130778.0,2692.41
7,38,401749.0,129771.0,2719.78
7,39,395909.0,129227.0,2666.82
7,40,393935.0,130539.0,2633.96
7,41,400805.0,130432.0,2703.73
7,42,403673.0,129374.0,2742.99
7,43,846440.0,130021.0,7164.19
7,44,402504.0,130796.0,2717.08
7,45,397409.0,131252.0,2661.57
7,46,397070.0,130440.0,2666.30
7,47,397381.0,130245.0,2671.36
7,48,402295.0,129398.0,2728.97
7,49,402620.0,131381.0,2712.39
7,50,396917.0,131174.0,2657.43
7,51,400556.0,131631.0,2689.25
7,52,398783.0,131143.0,2676.40
7,53,400471.0,130924.0,2695.47
7,54,397767.0,130745.0,2670.22
7,55,401493.0,131030.0,2704.63
7,56,399904.0,131053.0,2688.51
7,57,394561.0,130827.0,2637.34
7,58,402008.0,130032.0,2719.76
7,59,401818.0,129972.0,2718.46
7,60,398421.0,129961.0,2684.60
7,61,398111.0,130731.0,2673.80
7,62,401684.0,130727.0,2709.57
7,63,400575.0,130487.0,2700.88
7,64,403576.0,130742.0,2728.34
7,65,396800.0,130158.0,2666.42
7,66,395394.0,129941.0,2654.53
7,67,397374.0,129659.0,2677.15
7,68,397021.0,130049.0,2669.72
7,69,396623.0,130678.0,2659.45
7,70,401596.0,129144.0,2724.52
7,71,395826.0,130660.0,2651.66
7,72,401414.0,129807.0,2716.07
7,73,400612.0,130677.0,2699.35
7,74,398488.0,129316.0,2691.72
7,75,404517.0,129093.0,2754.24
7,76,399612.0,129633.0,2699.79
7,77,399994.0,130232.0,2697.62
7,78,396497.0,129637.0,2668.60
7,79,398279.0,128786.0,2694.93
7,80,405050.0,134762.0,2702.88
7,81,399755.0,132237.0,2675.18
7,82,431288.0,140555.0,2907.33
7,83,400923.0,133024.0,2678.99
7,84,404404.0,133096.0,2713.08
7,85,400399.0,132451.0,2679.48
7,86,402233.0,129236.0,2729.97
7,87,402973.0,129850.0,2731.23
7,88,400306.0,130111.0,2701.95
7,89,398655.0,131392.0,2672.63
7,90,401355.0,130120.0,2712.35
7,91,397675.0,130187.0,2674.88
7,92,399874.0,130298.0,2695.76
7,93,402852.0,129595.0,2732.57
7,94,398822.0,128861.0,2699.61
7,95,397187.0,130174.0,2670.13
7,96,398955.0,130851.0,2681.04
7,97,398660.0,129973.0,2686.87
7,98,398735.0,128580.0,2701.55
7,99,399020.0,129265.0,2697.55
8,0,441449.0,130857.0,3105.92
8,1,436814.0,129061.0,3077.53
8,2,433800.0,128793.0,3050.07
8,3,438056.0,129244.0,3088.12
8,4,445164.0,128164.0,3170.00
8,5,453669.0,128842.0,3248.27
8,6,440104.0,128874.0,3112.30
8,7,434403.0,129706.0,3046.97
8,8,434645.0,128212.0,3064.33
8,9,440819.0,128881.0,3119.38
8,10,435399.0,129163.0,3062.36
8,11,434632.0,128414.0,3062.18
8,12,438984.0,129516.0,3094.68
8,13,432474.0,128876.0,3035.98
8,14,434308.0,129066.0,3052.42
8,15,434488.0,128511.0,3059.77
8,16,447654.0,128583.0,3190.71
8,17,450225.0,125623.0,3246.02
8,18,438490.0,129646.0,3088.44
8,19,434228.0,128189.0,3060.39
8,20,438956.0,240160.0,1987.96
8,21,437705.0,132730.0,3049.75
8,22,433892.0,133284.0,3006.08
8,23,431586.0,127673.0,3039.13
8,24,436858.0,128634.0,3082.24
8,25,434054.0,129140.0,3049.14
8,26,441469.0,129604.0,3118.65
8,27,436901.0,127989.0,3089.12
8,28,433740.0,125834.0,3079.06
8,29,431619.0,128155.0,3034.64
8,30,449644.0,129774.0,3198.70
8,31,433077.0,130132.0,3029.45
8,32,430745.0,127307.0,3034.38
8,33,433747.0,127270.0,3064.77
8,34,431099.0,130822.0,3002.77
8,35,439748.0,134842.0,3049.06
8,36,436985.0,134829.0,3021.56
8,37,431253.0,136459.0,2947.94
8,38,430684.0,131727.0,2989.57
8,39,436687.0,130385.0,3063.02
8,40,433736.0,131666.0,3020.70
8,41,434515.0,129140.0,3053.75
8,42,432748.0,131446.0,3013.02
8,43,433261.0,131729.0,3015.32
8,44,431853.0,128189.0,3036.64
8,45,441182.0,129597.0,3115.85
8,46,432547.0,131452.0,3010.95
8,47,433675.0,131927.0,3017.48
8,48,456080.0,127953.0,3281.27
8,49,447118.0,127728.0,3193.90
8,50,444479.0,137796.0,3066.83
8,51,439412.0,133342.0,3060.70
8,52,441976.0,132214.0,3097.62
8,53,440159.0,144955.0,2952.04
8,54,439298.0,129800.0,3094.98
8,55,442844.0,130108.0,3127.36
8,56,438032.0,129648.0,3083.84
8,57,440821.0,128759.0,3120.62
8,58,440901.0,129076.0,3118.25
8,59,441003.0,129966.0,3110.37
8,60,438546.0,129491.0,3090.55
8,61,439135.0,129791.0,3093.44
8,62,437661.0,130056.0,3076.05
8,63,437669.0,130362.0,3073.07
8,64,438025.0,129108.0,3089.17
8,65,437501.0,129212.0,3082.89
8,66,442279.0,129692.0,3125.87
8,67,445780.0,130743.0,3150.37
8,68,436937.0,130180.0,3067.57
8,69,437663.0,129346.0,3083.17
8,70,438078.0,128984.0,3090.94
8,71,438527.0,129595.0,3089.32
8,72,436446.0,128816.0,3076.30
8,73,436205.0,129930.0,3062.75
8,74,436006.0,128738.0,3072.68
8,75,438549.0,129859.0,3086.90
8,76,438195.0,129170.0,3090.25
8,77,438022.0,130237.0,3077.85
8,78,434958.0,129168.0,3057.90
8,79,437485.0,130475.0,3070.10
8,80,436029.0,129471.0,3065.58
8,81,436190.0,133218.0,3029.72
8,82,435702.0,134487.0,3012.15
8,83,438572.0,129332.0,3092.40
8,84,440061.0,129212.0,3108.49
8,85,436981.0,129561.0,3074.20
8,86,438615.0,128910.0,3097.05
8,87,435133.0,129584.0,3055.49
8,88,436342.0,129506.0,3068.36
8,89,438135.0,129273.0,3088.62
8,90,435174.0,131178.0,3039.96
8,91,435982.0,129765.0,3062.17
8,92,435430.0,127743.0,3076.87
8,93,459428.0,129556.0,3298.72
8,94,435829.0,129290.0,3065.39
8,95,436707.0,129026.0,3076.81
8,96,435811.0,127928.0,3078.83
8,97,436130.0,129611.0,3065.19
8,98,438390.0,129713.0,3086.77
8,99,436492.0,129981.0,3065.11
9,0,481040.0,131301.0,3497.39
9,1,484096.0,136333.0,3477.63
9,2,484681.0,130637.0,3540.44
9,3,481587.0,128645.0,3529.42
9,4,480718.0,126839.0,3538.79
9,5,478983.0,127679.0,3513.04
9,6,483237.0,127898.0,3553.39
9,7,481151.0,136891.0,3442.60
9,8,483600.0,129979.0,3536.21
9,9,483478.0,130061.0,3534.17
9,10,482727.0,135760.0,3469.67
9,11,481738.0,127923.0,3538.15
9,12,480273.0,127634.0,3526.39
9,13,483303.0,129841.0,3534.62
9,14,478778.0,128177.0,3506.01
9,15,480015.0,128446.0,3515.69
9,16,480957.0,126774.0,3541.83
9,17,479760.0,129191.0,3505.69
9,18,490679.0,127725.0,3629.54
9,19,487092.0,134256.0,3528.36
9,20,481319.0,128661.0,3526.58
9,21,481922.0,133002.0,3489.20
9,22,491468.0,127389.0,3640.79
9,23,483788.0,128843.0,3549.45
9,24,483462.0,129041.0,3544.21
9,25,485201.0,129132.0,3560.69
9,26,572077.0,129656.0,4424.21
9,27,483412.0,127566.0,3558.46
9,28,486985.0,129745.0,3572.40
9,29,486944.0,129554.0,3573.90
9,30,490871.0,130986.0,3598.85
9,31,484853.0,131643.0,3532.10
9,32,487009.0,129115.0,3578.94
9,33,482543.0,129602.0,3529.41
9,34,489236.0,131348.0,3578.88
9,35,482394.0,131738.0,3506.56
9,36,485032.0,131243.0,3537.89
9,37,485653.0,131877.0,3537.76
9,38,485129.0,131936.0,3531.93
9,39,481447.0,130094.0,3513.53
9,40,488487.0,129787.0,3587.00
9,41,485165.0,129938.0,3552.27
9,42,482262.0,129140.0,3531.22
9,43,484696.0,129812.0,3548.84
9,44,487254.0,129620.0,3576.34
9,45,486542.0,128356.0,3581.86
9,46,486001.0,146529.0,3394.72
9,47,486458.0,124253.0,3622.05
9,48,480792.0,130708.0,3500.84
9,49,481557.0,129750.0,3518.07
9,50,487659.0,136738.0,3509.21
9,51,485392.0,130523.0,3548.69
9,52,485589.0,131169.0,3544.20
9,53,484842.0,128389.0,3564.53
9,54,481985.0,129430.0,3525.55
9,55,485775.0,130753.0,3550.22
9,56,486949.0,128385.0,3585.64
9,57,480509.0,130551.0,3499.58
9,58,481330.0,130446.0,3508.84
9,59,485351.0,130770.0,3545.81
9,60,482682.0,130409.0,3522.73
9,61,481379.0,128709.0,3526.70
9,62,484234.0,128412.0,3558.22
9,63,484551.0,194960.0,2895.91
9,64,481786.0,130152.0,3516.34
9,65,485133.0,129078.0,3560.55
9,66,484486.0,130109.0,3543.77
9,67,486689.0,130206.0,3564.83
9,68,485055.0,129594.0,3554.61
9,69,486826.0,129049.0,3577.77
9,70,487420.0,130898.0,3565.22
9,71,481314.0,129512.0,3518.02
9,72,483971.0,129106.0,3548.65
9,73,481674.0,129951.0,3517.23
9,74,484473.0,129305.0,3551.68
9,75,485925.0,129617.0,3563.08
9,76,487730.0,130934.0,3567.96
9,77,488689.0,130007.0,3586.82
9,78,491917.0,130368.0,3615.49
9,79,497762.0,129611.0,3681.51
9,80,489903.0,130968.0,3589.35
9,81,483993.0,130652.0,3533.41
9,82,492858.0,129960.0,3628.98
9,83,492456.0,127293.0,3651.63
9,84,490606.0,129561.0,3610.45
9,85,490699.0,128985.0,3617.14
9,86,484829.0,130178.0,3546.51
9,87,486881.0,130596.0,3562.85
9,88,485041.0,128740.0,3563.01
9,89,483651.0,129048.0,3546.03
9,90,483019.0,129644.0,3533.75
9,91,486653.0,129892.0,3567.61
9,92,490180.0,130645.0,3595.35
9,93,489870.0,132922.0,3569.48
9,94,494796.0,129319.0,3654.77
9,95,486283.0,132016.0,3542.67
9,96,486188.0,129904.0,3562.84
9,97,486706.0,130585.0,3561.21
9,98,485515.0,126437.0,3590.78
9,99,484777.0,130659.0,3541.18
10,0,539820.0,131179.0,4086.41
10,1,535123.0,129857.0,4052.66
10,2,535032.0,131427.0,4036.05
10,3,535602.0,131666.0,4039.36
10,4,535357.0,128572.0,4067.85
10,5,534513.0,127591.0,4069.22
10,6,544739.0,131211.0,4135.28
10,7,538494.0,127707.0,4107.87
10,8,534127.0,128692.0,4054.35
10,9,535222.0,128251.0,4069.71
10,10,540649.0,127660.0,4129.89
10,11,539056.0,127468.0,4115.88
10,12,534025.0,128797.0,4052.28
10,13,538278.0,128176.0,4101.02
10,14,534566.0,127363.0,4072.03
10,15,543726.0,128108.0,4156.18
10,16,535028.0,128128.0,4069.00
10,17,535642.0,131674.0,4039.68
10,18,541474.0,139250.0,4022.24
10,19,534294.0,126979.0,4073.15
10,20,537796.0,128430.0,4093.66
10,21,533412.0,130426.0,4029.86
10,22,542269.0,127957.0,4143.12
10,23,541568.0,127734.0,4138.34
10,24,535911.0,127802.0,4081.09
10,25,537525.0,129086.0,4084.39
10,26,537001.0,127497.0,4095.04
10,27,533310.0,127524.0,4057.86
10,28,537172.0,128305.0,4088.67
10,29,536155.0,127341.0,4088.14
10,30,536942.0,127988.0,4089.54
10,31,539576.0,130873.0,4087.03
10,32,539189.0,127087.0,4121.02
10,33,536784.0,131712.0,4050.72
10,34,537088.0,127857.0,4092.31
10,35,537565.0,131222.0,4063.43
10,36,1114984.0,131832.0,9831.52
10,37,542886.0,133813.0,4090.73
10,38,540324.0,130931.0,4093.93
10,39,539291.0,131243.0,4080.48
10,40,536932.0,129446.0,4074.86
10,41,534307.0,130852.0,4034.55
10,42,535174.0,129353.0,4058.21
10,43,538611.0,132067.0,4065.44
10,44,538427.0,130147.0,4082.80
10,45,538995.0,130333.0,4086.62
10,46,536640.0,129377.0,4072.63
10,47,535169.0,131559.0,4036.10
10,48,532981.0,136484.0,3964.97
10,49,534803.0,132019.0,4027.84
10,50,537995.0,134244.0,4037.51
10,51,537837.0,130666.0,4071.71
10,52,537297.0,134622.0,4026.75
10,53,537227.0,130271.0,4069.56
10,54,534620.0,129424.0,4051.96
10,55,534703.0,129542.0,4051.61
10,56,538359.0,131802.0,4065.57
10,57,551039.0,131740.0,4192.99
10,58,537919.0,133209.0,4047.10
10,59,536743.0,137039.0,3997.04
10,60,537369.0,130867.0,4065.02
10,61,534262.0,132579.0,4016.83
10,62,534551.0,131692.0,4028.59
10,63,532224.0,129466.0,4027.58
10,64,534245.0,130937.0,4033.08
10,65,535256.0,132669.0,4025.87
10,66,538023.0,131120.0,4069.03
10,67,537358.0,132286.0,4050.72
10,68,538367.0,132182.0,4061.85
10,69,533979.0,130298.0,4036.81
10,70,534765.0,131684.0,4030.81
10,71,532205.0,127814.0,4043.91
10,72,534727.0,134071.0,4006.56
10,73,537595.0,131419.0,4061.76
10,74,534491.0,132603.0,4018.88
10,75,534313.0,132092.0,4022.21
10,76,535496.0,131725.0,4037.71
10,77,533804.0,129798.0,4040.06
10,78,533761.0,128573.0,4051.88
10,79,535168.0,129366.0,4058.02
10,80,537118.0,132409.0,4047.09
10,81,536062.0,131191.0,4048.71
10,82,536914.0,130821.0,4060.93
10,83,534617.0,129438.0,4051.79
10,84,536188.0,136467.0,3997.21
10,85,533047.0,129191.0,4038.56
10,86,536027.0,131810.0,4042.17
10,87,536535.0,130697.0,4058.38
10,88,537560.0,132842.0,4047.18
10,89,538858.0,130535.0,4083.23
10,90,534069.0,132018.0,4020.51
10,91,534912.0,130997.0,4039.15
10,92,532746.0,129277.0,4034.69
10,93,534998.0,132592.0,4024.06
10,94,532249.0,129200.0,4030.49
10,95,538752.0,130582.0,4081.70
10,96,535083.0,130404.0,4046.79
10,97,534879.0,133900.0,4009.79
10,98,537479.0,130255.0,4072.24
10,99,532352.0,131760.0,4005.92
11,0,583883.0,135013.0,4488.70
11,1,583700.0,131153.0,4525.47
11,2,582245.0,133456.0,4487.89
11,3,579389.0,129870.0,4495.19
11,4,580301.0,131402.0,4488.99
11,5,580725.0,131149.0,4495.76
11,6,581046.0,132686.0,4483.60
11,7,580614.0,131349.0,4492.65
11,8,583432.0,131179.0,4522.53
11,9,580254.0,129237.0,4510.17
11,10,581327.0,131722.0,4496.05
11,11,582269.0,131752.0,4505.17
11,12,582837.0,131403.0,4514.34
11,13,581426.0,130039.0,4513.87
11,14,581817.0,132582.0,4492.35
11,15,582474.0,131141.0,4513.33
11,16,580607.0,128603.0,4520.04
11,17,578179.0,129419.0,4487.60
11,18,587324.0,132142.0,4551.82
11,19,581806.0,131924.0,4498.82
11,20,578831.0,131718.0,4471.13
11,21,582587.0,131355.0,4512.32
11,22,588336.0,131003.0,4573.33
11,23,583538.0,130864.0,4526.74
11,24,589832.0,131821.0,4580.11
11,25,579915.0,132809.0,4471.06
11,26,582642.0,131583.0,4510.59
11,27,584598.0,132716.0,4518.82
11,28,596961.0,132068.0,4648.93
11,29,580740.0,131905.0,4488.35
11,30,585668.0,131501.0,4541.67
11,31,580534.0,130870.0,4496.64
11,32,581874.0,132184.0,4496.90
11,33,584300.0,132546.0,4517.54
11,34,597959.0,131848.0,4661.11
11,35,583836.0,132057.0,4517.79
11,36,584915.0,131286.0,4536.29
11,37,585920.0,130019.0,4559.01
11,38,584672.0,131276.0,4533.96
11,39,586151.0,133101.0,4530.50
11,40,581566.0,132385.0,4491.81
11,41,585987.0,131517.0,4544.70
11,42,585031.0,132185.0,4528.46
11,43,585455.0,132087.0,4533.68
11,44,581377.0,130262.0,4511.15
11,45,577471.0,130652.0,4468.19
11,46,587278.0,133545.0,4537.33
11,47,582618.0,130212.0,4524.06
11,48,589461.0,132079.0,4573.82
11,49,583258.0,130047.0,4532.11
11,50,582938.0,131214.0,4517.24
11,51,584057.0,133322.0,4507.35
11,52,581515.0,324537.0,2569.78
11,53,583036.0,135556.0,4474.80
11,54,581831.0,134735.0,4470.96
11,55,585493.0,132418.0,4530.75
11,56,582887.0,131671.0,4512.16
11,57,587710.0,131319.0,4563.91
11,58,589613.0,132052.0,4575.61
11,59,587160.0,133084.0,4540.76
11,60,585004.0,149053.0,4359.51
11,61,580877.0,129622.0,4512.55
11,62,582534.0,130664.0,4518.70
11,63,588783.0,131708.0,4570.75
11,64,587138.0,130362.0,4567.76
11,65,586466.0,130517.0,4559.49
11,66,585330.0,130395.0,4549.35
11,67,586866.0,131609.0,4552.57
11,68,586793.0,134844.0,4519.49
11,69,587262.0,130438.0,4568.24
11,70,586501.0,139868.0,4466.33
11,71,586099.0,131486.0,4546.13
11,72,585590.0,131761.0,4538.29
11,73,586882.0,131413.0,4554.69
11,74,584788.0,132960.0,4518.28
11,75,588977.0,132277.0,4567.00
11,76,589273.0,132382.0,4568.91
11,77,584863.0,130527.0,4543.36
11,78,585271.0,132309.0,4529.62
11,79,583904.0,131808.0,4520.96
11,80,585749.0,130295.0,4554.54
11,81,583306.0,131020.0,4522.86
11,82,584508.0,129815.0,4546.93
11,83,586291.0,130758.0,4555.33
11,84,586056.0,132739.0,4533.17
11,85,584721.0,130511.0,4542.10
11,86,585095.0,129952.0,4551.43
11,87,586803.0,134061.0,4527.42
11,88,583318.0,131241.0,4520.77
11,89,589816.0,129643.0,4601.73
11,90,586886.0,131939.0,4549.47
11,91,583795.0,130473.0,4533.22
11,92,582980.0,131777.0,4512.03
11,93,583638.0,131193.0,4524.45
11,94,584367.0,128516.0,4558.51
11,95,581867.0,130520.0,4513.47
11,96,586242.0,129677.0,4565.65
11,97,587167.0,133942.0,4532.25
11,98,585514.0,130613.0,4549.01
11,99,586553.0,133903.0,4526.50
12,0,637296.0,140838.0,4964.58
12,1,637841.0,139903.0,4979.38
12,2,637789.0,139583.0,4982.06
12,3,637710.0,140053.0,4976.57
12,4,638501.0,140048.0,4984.53
12,5,635682.0,140885.0,4947.97
12,6,635629.0,141273.0,4943.56
12,7,638437.0,139760.0,4986.77
12,8,637205.0,138622.0,4985.83
12,9,638445.0,139265.0,4991.80
12,10,636127.0,139889.0,4962.38
12,11,634766.0,139089.0,4956.77
12,12,638096.0,139488.0,4986.08
12,13,637022.0,139502.0,4975.20
12,14,638035.0,140745.0,4972.90
12,15,637978.0,139356.0,4986.22
12,16,638343.0,139317.0,4990.26
12,17,634598.0,139077.0,4955.21
12,18,633009.0,138375.0,4946.34
12,19,634831.0,139398.0,4954.33
12,20,636375.0,139483.0,4968.92
12,21,638377.0,140363.0,4980.14
12,22,636964.0,139650.0,4973.14
12,23,636877.0,140347.0,4965.30
12,24,636724.0,141326.0,4953.98
12,25,635688.0,140270.0,4954.18
12,26,636724.0,140596.0,4961.28
12,27,642432.0,140611.0,5018.21
12,28,638602.0,140871.0,4977.31
12,29,635648.0,142533.0,4931.15
12,30,639431.0,139933.0,4994.98
12,31,638547.0,140617.0,4979.30
12,32,641409.0,138570.0,5028.39
12,33,641024.0,138607.0,5024.17
12,34,636347.0,139011.0,4973.36
12,35,633741.0,138999.0,4947.42
12,36,640703.0,140782.0,4999.21
12,37,640569.0,139584.0,5009.85
12,38,640573.0,139496.0,5010.77
12,39,791761.0,139549.0,6522.12
12,40,637823.0,139012.0,4988.11
12,41,639664.0,138854.0,5008.10
12,42,633590.0,139277.0,4943.13
12,43,637121.0,139459.0,4976.62
12,44,640487.0,140267.0,5002.20
12,45,639430.0,139565.0,4998.65
12,46,640183.0,139079.0,5011.04
12,47,637179.0,139708.0,4974.71
12,48,645314.0,139177.0,5061.37
12,49,637792.0,139655.0,4981.37
12,50,636814.0,139281.0,4975.33
12,51,639587.0,140868.0,4987.19
12,52,641837.0,137928.0,5039.09
12,53,639122.0,139268.0,4998.54
12,54,643603.0,139546.0,5040.57
12,55,638176.0,139468.0,4987.08
12,56,635744.0,139521.0,4962.23
12,57,638750.0,138215.0,5005.35
12,58,641159.0,140453.0,5007.06
12,59,643868.0,140332.0,5035.36
12,60,639767.0,139921.0,4998.46
12,61,639530.0,138986.0,5005.44
12,62,639029.0,139138.0,4998.91
12,63,650780.0,139139.0,5116.41
12,64,641890.0,140389.0,5015.01
12,65,642398.0,138746.0,5036.52
12,66,641750.0,141102.0,5006.48
12,67,640971.0,139013.0,5019.58
12,68,641984.0,147567.0,4944.17
12,69,637645.0,138060.0,4995.85
12,70,640041.0,140328.0,4997.13
12,71,644246.0,140766.0,5034.80
12,72,642665.0,135936.0,5067.29
12,73,640708.0,145410.0,4952.98
12,74,641062.0,140227.0,5008.35
12,75,638179.0,137335.0,5008.44
12,76,642327.0,136961.0,5053.66
12,77,644214.0,138627.0,5055.87
12,78,642449.0,136962.0,5054.87
12,79,642384.0,139283.0,5031.01
12,80,638377.0,147289.0,4910.88
12,81,641756.0,140091.0,5016.65
12,82,642780.0,138458.0,5043.22
12,83,639493.0,136782.0,5027.11
12,84,641022.0,140896.0,5001.26
12,85,642993.0,136634.0,5063.59
12,86,642063.0,140694.0,5013.69
12,87,638676.0,136837.0,5018.39
12,88,642848.0,140829.0,5020.19
12,89,642184.0,145185.0,4969.99
12,90,639687.0,137394.0,5022.93
12,91,640941.0,139299.0,5016.42
12,92,640274.0,140614.0,4996.60
12,93,639200.0,146314.0,4928.86
12,94,639290.0,144306.0,4949.84
12,95,643195.0,138930.0,5042.65
12,96,642974.0,138424.0,5045.50
12,97,642505.0,139391.0,5031.14
12,98,643052.0,138266.0,5047.86
12,99,641401.0,139332.0,5020.69
13,0,700151.0,151261.0,5488.90
13,1,700694.0,148552.0,5521.42
13,2,701137.0,149096.0,5520.41
13,3,697664.0,148917.0,5487.47
13,4,699363.0,148509.0,5508.54
13,5,699983.0,155109.0,5448.74
13,6,699017.0,146633.0,5523.84
13,7,701731.0,149779.0,5519.52
13,8,696686.0,146025.0,5506.61
13,9,701318.0,147391.0,5539.27
13,10,700160.0,147053.0,5531.07
13,11,700930.0,147160.0,5537.70
13,12,699517.0,147626.0,5518.91
13,13,699150.0,146967.0,5521.83
13,14,699633.0,148143.0,5514.90
13,15,698594.0,147428.0,5511.66
13,16,694891.0,147450.0,5474.41
13,17,699264.0,146986.0,5522.78
13,18,697435.0,146770.0,5506.65
13,19,698185.0,146646.0,5515.39
13,20,700385.0,147026.0,5533.59
13,21,699437.0,149451.0,5499.86
13,22,695084.0,146691.0,5483.93
13,23,773491.0,147175.0,6263.16
13,24,698609.0,146324.0,5522.85
13,25,699325.0,146800.0,5525.25
13,26,700294.0,147004.0,5532.90
13,27,699063.0,147202.0,5518.61
13,28,699407.0,147564.0,5518.43
13,29,696932.0,148280.0,5486.52
13,30,698324.0,147273.0,5510.51
13,31,698197.0,147230.0,5509.67
13,32,698515.0,145780.0,5527.35
13,33,698290.0,155123.0,5431.67
13,34,695198.0,147034.0,5481.64
13,35,703618.0,147532.0,5560.86
13,36,696170.0,147391.0,5487.79
13,37,699315.0,146890.0,5524.25
13,38,701632.0,147049.0,5545.83
13,39,700287.0,146504.0,5537.83
13,40,697311.0,146905.0,5504.06
13,41,699131.0,146775.0,5523.56
13,42,697952.0,146765.0,5511.87
13,43,698221.0,147803.0,5504.18
13,44,701662.0,147523.0,5541.39
13,45,700604.0,146745.0,5538.59
13,46,932679.0,147469.0,7852.10
13,47,702364.0,147481.0,5548.83
13,48,710293.0,147084.0,5632.09
13,49,711578.0,147386.0,5641.92
13,50,709179.0,148562.0,5606.17
13,51,705814.0,147079.0,5587.35
13,52,701318.0,147176.0,5541.42
13,53,700137.0,146922.0,5532.15
13,54,705416.0,147826.0,5575.90
13,55,703419.0,146855.0,5565.64
13,56,694993.0,147248.0,5477.45
13,57,700093.0,148002.0,5520.91
13,58,703203.0,153993.0,5492.10
13,59,698890.0,147864.0,5510.26
13,60,703520.0,157117.0,5464.03
13,61,700831.0,148247.0,5525.84
13,62,701498.0,144667.0,5568.31
13,63,704406.0,148442.0,5559.64
13,64,704503.0,148759.0,5557.44
13,65,702435.0,148273.0,5541.62
13,66,704118.0,145074.0,5590.44
13,67,698978.0,147827.0,5511.51
13,68,710315.0,148836.0,5614.79
13,69,703694.0,147715.0,5559.79
13,70,702419.0,148900.0,5535.19
13,71,700806.0,145644.0,5551.62
13,72,703305.0,147753.0,5555.52
13,73,700714.0,148787.0,5519.27
13,74,702888.0,148023.0,5548.65
13,75,705447.0,148605.0,5568.42
13,76,703800.0,148745.0,5550.55
13,77,704006.0,145098.0,5589.08
13,78,703100.0,149084.0,5540.16
13,79,699151.0,147608.0,5515.43
13,80,702064.0,148231.0,5538.33
13,81,703674.0,148808.0,5548.66
13,82,703261.0,147222.0,5560.39
13,83,701912.0,145644.0,5562.68
13,84,704295.0,148762.0,5555.33
13,85,698754.0,149319.0,5494.35
13,86,702198.0,147574.0,5546.24
13,87,703369.0,156630.0,5467.39
13,88,700688.0,148291.0,5523.97
13,89,700742.0,148643.0,5520.99
13,90,701460.0,147970.0,5534.90
13,91,701413.0,148681.0,5527.32
13,92,701865.0,153426.0,5484.39
13,93,704732.0,151250.0,5534.82
13,94,702397.0,148989.0,5534.08
13,95,702409.0,148094.0,5543.15
13,96,701296.0,144401.0,5568.95
13,97,703386.0,149182.0,5542.04
13,98,702372.0,148571.0,5538.01
13,99,702545.0,148662.0,5538.83
14,0,766671.0,156536.0,6101.35
14,1,762738.0,156079.0,6066.59
14,2,767632.0,154786.0,6128.46
14,3,764492.0,155019.0,6094.73
14,4,765323.0,156043.0,6092.80
14,5,761325.0,161174.0,6001.51
14,6,762836.0,154237.0,6085.99
14,7,763709.0,154659.0,6090.50
14,8,762707.0,154623.0,6080.84
14,9,761452.0,156380.0,6050.72
14,10,775103.0,158354.0,6167.49
14,11,764922.0,161251.0,6036.71
14,12,761054.0,157342.0,6037.12
14,13,762098.0,161118.0,6009.80
14,14,762079.0,159166.0,6029.13
14,15,802872.0,156996.0,6458.76
14,16,774350.0,164071.0,6102.79
14,17,769760.0,161288.0,6084.72
14,18,770320.0,157676.0,6126.44
14,19,768682.0,158140.0,6105.42
14,20,771176.0,160457.0,6107.19
14,21,771362.0,155376.0,6159.86
14,22,767588.0,154560.0,6130.28
14,23,767933.0,162107.0,6058.26
14,24,766047.0,157492.0,6085.55
14,25,767137.0,156664.0,6104.73
14,26,768150.0,158946.0,6092.04
14,27,767754.0,157104.0,6106.50
14,28,767161.0,155149.0,6120.12
14,29,767777.0,158590.0,6091.87
14,30,768292.0,163175.0,6051.17
14,31,769589.0,159369.0,6102.20
14,32,770618.0,158659.0,6119.59
14,33,767848.0,157081.0,6107.67
14,34,767525.0,159366.0,6081.59
14,35,768598.0,157612.0,6109.86
14,36,771085.0,166921.0,6041.64
14,37,769021.0,158883.0,6101.38
14,38,769435.0,155110.0,6143.25
14,39,767407.0,155944.0,6114.63
14,40,764787.0,155116.0,6096.71
14,41,783574.0,179243.0,6043.31
14,42,767256.0,164248.0,6030.08
14,43,767891.0,162428.0,6054.63
14,44,769834.0,165977.0,6038.57
14,45,768712.0,158718.0,6099.94
14,46,767109.0,155560.0,6115.49
14,47,768035.0,163833.0,6042.02
14,48,769172.0,157283.0,6118.89
14,49,780042.0,161719.0,6183.23
14,50,768490.0,160318.0,6081.72
14,51,765659.0,158233.0,6074.26
14,52,767268.0,164595.0,6026.73
14,53,767503.0,155786.0,6117.17
14,54,769646.0,161929.0,6077.17
14,55,767291.0,162785.0,6045.06
14,56,767784.0,158742.0,6090.42
14,57,766742.0,163582.0,6031.60
14,58,769940.0,157827.0,6121.13
14,59,769537.0,160410.0,6091.27
14,60,768214.0,160806.0,6074.08
14,61,767427.0,161986.0,6054.41
14,62,769793.0,157284.0,6125.09
14,63,767839.0,158108.0,6097.31
14,64,768171.0,163602.0,6045.69
14,65,767677.0,160236.0,6074.41
14,66,765655.0,163980.0,6016.75
14,67,768620.0,157888.0,6107.32
14,68,769136.0,157528.0,6116.08
14,69,769577.0,160130.0,6094.47
14,70,767193.0,162244.0,6049.49
14,71,767756.0,156801.0,6109.55
14,72,767297.0,156111.0,6111.86
14,73,768675.0,161541.0,6071.34
14,74,767683.0,162741.0,6049.42
14,75,769856.0,160703.0,6091.53
14,76,767681.0,159354.0,6083.27
14,77,766691.0,156995.0,6096.96
14,78,766960.0,156217.0,6107.43
14,79,767614.0,165690.0,6019.24
14,80,767439.0,156814.0,6106.25
14,81,769030.0,592397.0,1766.33
14,82,766525.0,159401.0,6071.24
14,83,767695.0,160547.0,6071.48
14,84,770685.0,156257.0,6144.28
14,85,768100.0,161919.0,6061.81
14,86,767276.0,162153.0,6051.23
14,87,765297.0,157391.0,6079.06
14,88,768475.0,161051.0,6074.24
14,89,768521.0,157135.0,6113.86
14,90,766819.0,158026.0,6087.93
14,91,769794.0,155159.0,6146.35
14,92,766736.0,160122.0,6066.14
14,93,768662.0,156536.0,6121.26
14,94,768790.0,157264.0,6115.26
14,95,767766.0,156041.0,6117.25
14,96,770194.0,163767.0,6064.27
14,97,766380.0,158932.0,6074.48
14,98,766966.0,158063.0,6089.03
14,99,769979.0,177024.0,5929.55
15,0,834023.0,168882.0,6651.41
15,1,845941.0,163922.0,6820.19
15,2,835955.0,163029.0,6729.26
15,3,836084.0,165083.0,6710.01
15,4,833077.0,162907.0,6701.70
15,5,834177.0,164042.0,6701.35
15,6,833212.0,163210.0,6700.02
15,7,833930.0,161409.0,6725.21
15,8,836265.0,163961.0,6723.04
15,9,832224.0,163819.0,6684.05
15,10,843039.0,165810.0,6772.29
15,11,833257.0,163123.0,6701.34
15,12,836187.0,162777.0,6734.10
15,13,833195.0,168150.0,6650.45
15,14,834903.0,168071.0,6668.32
15,15,830496.0,161845.0,6686.51
15,16,834487.0,163687.0,6708.00
15,17,835314.0,180043.0,6552.71
15,18,835316.0,162500.0,6728.16
15,19,832933.0,165084.0,6678.49
15,20,836476.0,166688.0,6697.88
15,21,881028.0,166481.0,7145.47
15,22,848792.0,170726.0,6780.66
15,23,838416.0,161214.0,6772.02
15,24,840368.0,162650.0,6777.18
15,25,837237.0,166043.0,6711.94
15,26,837377.0,164452.0,6729.25
15,27,841946.0,166039.0,6759.07
15,28,838420.0,165222.0,6731.98
15,29,837255.0,167767.0,6694.88
15,30,839154.0,161351.0,6778.03
15,31,839626.0,166948.0,6726.78
15,32,841153.0,165305.0,6758.48
15,33,841126.0,165593.0,6755.33
15,34,838496.0,162302.0,6761.94
15,35,837983.0,163478.0,6745.05
15,36,840233.0,180829.0,6594.04
15,37,840497.0,166139.0,6743.58
15,38,839520.0,165454.0,6740.66
15,39,835870.0,165031.0,6708.39
15,40,836997.0,166194.0,6708.03
15,41,837526.0,164991.0,6725.35
15,42,838412.0,173868.0,6645.44
15,43,840481.0,164466.0,6760.15
15,44,839038.0,164665.0,6743.73
15,45,839407.0,165460.0,6739.47
15,46,838060.0,165047.0,6730.13
15,47,839186.0,165772.0,6734.14
15,48,838912.0,166920.0,6719.92
15,49,834355.0,165030.0,6693.25
15,50,839550.0,165981.0,6735.69
15,51,838909.0,164657.0,6742.52
15,52,838346.0,166322.0,6720.24
15,53,838227.0,166134.0,6720.93
15,54,835537.0,164167.0,6713.70
15,55,840567.0,173210.0,6673.57
15,56,837313.0,167638.0,6696.75
15,57,837290.0,166626.0,6706.64
15,58,839308.0,166652.0,6726.56
15,59,835521.0,165022.0,6704.99
15,60,837924.0,169045.0,6688.79
15,61,835005.0,166034.0,6689.71
15,62,835663.0,166967.0,6686.96
15,63,836379.0,165418.0,6709.61
15,64,837338.0,166882.0,6704.56
15,65,837581.0,165781.0,6718.00
15,66,835810.0,172467.0,6633.43
15,67,836732.0,165218.0,6715.14
15,68,836605.0,163789.0,6728.16
15,69,838781.0,165221.0,6735.60
15,70,838141.0,165333.0,6728.08
15,71,837259.0,166614.0,6706.45
15,72,836448.0,165541.0,6709.07
15,73,836322.0,166278.0,6700.44
15,74,840246.0,165464.0,6747.82
15,75,836330.0,163706.0,6726.24
15,76,837076.0,163652.0,6734.24
15,77,837750.0,165655.0,6720.95
15,78,837036.0,165232.0,6718.04
15,79,843266.0,165243.0,6780.23
15,80,840557.0,163911.0,6766.46
15,81,837306.0,164256.0,6730.50
15,82,836936.0,164003.0,6729.33
15,83,839513.0,164300.0,6752.13
15,84,839168.0,164458.0,6747.10
15,85,841034.0,165077.0,6759.57
15,86,838129.0,162994.0,6751.35
15,87,836419.0,167969.0,6684.50
15,88,838466.0,164130.0,6743.36
15,89,839118.0,165918.0,6732.00
15,90,838055.0,167570.0,6704.85
15,91,838564.0,166808.0,6717.56
15,92,836954.0,166074.0,6708.80
15,93,838472.0,166182.0,6722.90
15,94,839156.0,164513.0,6746.43
15,95,838969.0,163389.0,6755.80
15,96,836902.0,163385.0,6735.17
15,97,834768.0,164274.0,6704.94
15,98,840206.0,165205.0,6750.01
15,99,835840.0,164473.0,6713.67
16,0,906312.0,176018.0,7302.94
16,1,921662.0,184261.0,7374.01
16,2,900950.0,175490.0,7254.60
16,3,909394.0,173162.0,7362.32
16,4,906797.0,171537.0,7352.60
16,5,905928.0,182690.0,7232.38
16,6,907342.0,172394.0,7349.48
16,7,905826.0,170737.0,7350.89
16,8,906323.0,171494.0,7348.29
16,9,903857.0,173116.0,7307.41
16,10,907467.0,171562.0,7359.05
16,11,904608.0,172583.0,7320.25
16,12,904975.0,173626.0,7313.49
16,13,907102.0,177425.0,7296.77
16,14,904412.0,171689.0,7327.23
16,15,993338.0,172578.0,8207.60
16,16,906052.0,172558.0,7334.94
16,17,905988.0,175350.0,7306.38
16,18,904454.0,172315.0,7321.39
16,19,905541.0,188229.0,7173.12
16,20,904943.0,173468.0,7314.75
16,21,906249.0,178345.0,7279.04
16,22,903654.0,172035.0,7316.19
16,23,910731.0,172667.0,7380.64
16,24,909627.0,173316.0,7363.11
16,25,911278.0,175923.0,7353.55
16,26,904030.0,172843.0,7311.87
16,27,909498.0,176310.0,7331.88
16,28,905866.0,175359.0,7305.07
16,29,923358.0,178854.0,7445.04
16,30,907768.0,174284.0,7334.84
16,31,906642.0,175392.0,7312.50
16,32,908230.0,172931.0,7352.99
16,33,925617.0,176172.0,7494.45
16,34,913575.0,172911.0,7406.64
16,35,910827.0,171734.0,7390.93
16,36,915261.0,173106.0,7421.55
16,37,916000.0,174418.0,7415.82
16,38,913810.0,174498.0,7393.12
16,39,912893.0,175006.0,7378.87
16,40,910239.0,171094.0,7391.45
16,41,910280.0,173810.0,7364.70
16,42,912128.0,176700.0,7354.28
16,43,917428.0,172549.0,7448.79
16,44,912403.0,172314.0,7400.89
16,45,910803.0,173874.0,7369.29
16,46,912541.0,175430.0,7371.11
16,47,915854.0,170973.0,7448.81
16,48,914503.0,174239.0,7402.64
16,49,911268.0,171741.0,7395.27
16,50,913529.0,171699.0,7418.30
16,51,912542.0,172856.0,7396.86
16,52,912523.0,173910.0,7386.13
16,53,912340.0,171564.0,7407.76
16,54,911961.0,171164.0,7407.97
16,55,913060.0,171431.0,7416.29
16,56,913035.0,171431.0,7416.04
16,57,912735.0,175161.0,7375.74
16,58,913297.0,175839.0,7374.58
16,59,913890.0,173936.0,7399.54
16,60,911946.0,171186.0,7407.60
16,61,912406.0,175179.0,7372.27
16,62,912980.0,178768.0,7342.12
16,63,910337.0,171958.0,7383.79
16,64,911614.0,173362.0,7382.52
16,65,916447.0,188302.0,7281.45
16,66,913452.0,176105.0,7373.47
16,67,911704.0,176029.0,7356.75
16,68,913376.0,172995.0,7403.81
16,69,913873.0,174185.0,7396.88
16,70,913302.0,174661.0,7386.41
16,71,914270.0,174453.0,7398.17
16,72,914346.0,170819.0,7435.27
16,73,913533.0,175019.0,7385.14
16,74,911663.0,172282.0,7393.81
16,75,914646.0,184904.0,7297.42
16,76,909857.0,176190.0,7336.67
16,77,914850.0,172034.0,7428.16
16,78,913385.0,171656.0,7417.29
16,79,914848.0,172698.0,7421.50
16,80,912052.0,177779.0,7342.73
16,81,912962.0,174225.0,7387.37
16,82,912672.0,170800.0,7418.72
16,83,912866.0,172360.0,7405.06
16,84,914019.0,172108.0,7419.11
16,85,922197.0,172039.0,7501.58
16,86,913946.0,177057.0,7368.89
16,87,915460.0,172041.0,7434.19
16,88,912236.0,200761.0,7114.75
16,89,911734.0,181209.0,7305.25
16,90,914934.0,177664.0,7372.70
16,91,915316.0,178517.0,7367.99
16,92,912394.0,172853.0,7395.41
16,93,913535.0,180160.0,7333.75
16,94,915342.0,178328.0,7370.14
16,95,914910.0,176396.0,7385.14
16,96,914753.0,171849.0,7429.04
16,97,913781.0,171803.0,7419.78
16,98,911464.0,171816.0,7396.48
16,99,912619.0,173108.0,7395.11
17,0,986473.0,187266.0,7992.07
17,1,985698.0,182210.0,8034.88
17,2,984674.0,183881.0,8007.93
17,3,988409.0,183258.0,8051.51
17,4,988992.0,180606.0,8083.86
17,5,986568.0,183941.0,8026.27
17,6,986937.0,183050.0,8038.87
17,7,989062.0,183398.0,8056.64
17,8,987574.0,178321.0,8092.53
17,9,988511.0,183801.0,8047.10
17,10,984776.0,179743.0,8050.33
17,11,988118.0,186073.0,8020.45
17,12,987604.0,183097.0,8045.07
17,13,985469.0,182743.0,8027.26
17,14,987117.0,182665.0,8044.52
17,15,989125.0,181478.0,8076.47
17,16,986460.0,182980.0,8034.80
17,17,989837.0,180249.0,8095.88
17,18,989497.0,182911.0,8065.86
17,19,987548.0,183674.0,8038.74
17,20,990020.0,179921.0,8100.99
17,21,987704.0,184177.0,8035.27
17,22,989729.0,179143.0,8105.86
17,23,991708.0,184040.0,8076.68
17,24,989216.0,180555.0,8086.61
17,25,988145.0,184353.0,8037.92
17,26,991453.0,185474.0,8059.79
17,27,992032.0,182769.0,8092.63
17,28,988922.0,183854.0,8050.68
17,29,989670.0,183410.0,8062.60
17,30,987525.0,180235.0,8072.90
17,31,987524.0,182979.0,8045.45
17,32,994285.0,180191.0,8140.94
17,33,993845.0,180159.0,8136.86
17,34,989106.0,185095.0,8040.11
17,35,994209.0,178755.0,8154.54
17,36,993426.0,182034.0,8113.92
17,37,991353.0,180934.0,8104.19
17,38,993479.0,181163.0,8123.16
17,39,992458.0,182480.0,8099.78
17,40,993867.0,183991.0,8098.76
17,41,990917.0,183226.0,8076.91
17,42,992721.0,183227.0,8094.94
17,43,992066.0,183946.0,8081.20
17,44,990258.0,183297.0,8069.61
17,45,990704.0,183107.0,8075.97
17,46,992023.0,181771.0,8102.52
17,47,990879.0,181453.0,8094.26
17,48,991651.0,183809.0,8078.42
17,49,991665.0,179580.0,8120.85
17,50,991397.0,181290.0,8101.07
17,51,992909.0,180842.0,8120.67
17,52,991549.0,181604.0,8099.45
17,53,993241.0,179678.0,8135.63
17,54,993621.0,180426.0,8131.95
17,55,990490.0,182869.0,8076.21
17,56,994011.0,183741.0,8102.70
17,57,993466.0,184472.0,8089.94
17,58,990443.0,181324.0,8091.19
17,59,993661.0,182090.0,8115.71
17,60,994387.0,183072.0,8113.15
17,61,995336.0,179807.0,8155.29
17,62,988480.0,184414.0,8040.66
17,63,994212.0,183424.0,8107.88
17,64,992408.0,183219.0,8091.89
17,65,992396.0,180720.0,8116.76
17,66,993997.0,181023.0,8129.74
17,67,991645.0,184037.0,8076.08
17,68,994649.0,182671.0,8119.78
17,69,991291.0,181073.0,8102.18
17,70,989500.0,183588.0,8059.12
17,71,988386.0,179548.0,8088.38
17,72,992172.0,182772.0,8094.00
17,73,990737.0,182318.0,8084.19
17,74,992845.0,183232.0,8096.13
17,75,992080.0,182024.0,8100.56
17,76,992429.0,180921.0,8115.08
17,77,993002.0,179963.0,8130.39
17,78,993415.0,180129.0,8132.86
17,79,990918.0,180159.0,8107.59
17,80,990391.0,179992.0,8103.99
17,81,989501.0,179114.0,8103.87
17,82,993201.0,178853.0,8143.48
17,83,992812.0,179529.0,8132.83
17,84,990704.0,180136.0,8105.68
17,85,990577.0,180065.0,8105.12
17,86,992886.0,180311.0,8125.75
17,87,991282.0,178923.0,8123.59
17,88,990864.0,179697.0,8111.67
17,89,994515.0,179984.0,8145.31
17,90,994508.0,179718.0,8147.90
17,91,993121.0,179799.0,8133.22
17,92,990438.0,180447.0,8099.91
17,93,991816.0,180010.0,8118.06
17,94,990619.0,182353.0,8082.66
17,95,988518.0,182532.0,8059.86
17,96,990218.0,183694.0,8065.24
17,97,992616.0,183073.0,8095.43
17,98,992888.0,183792.0,8090.96
17,99,990419.0,179317.0,8111.02
18,0,1070113.0,192301.0,8778.12
18,1,1071525.0,189686.0,8818.39
18,2,1070030.0,189064.0,8809.66
18,3,1071734.0,190326.0,8814.08
18,4,1071454.0,188304.0,8831.50
18,5,1072749.0,190514.0,8822.35
18,6,1073972.0,191501.0,8824.71
18,7,1069713.0,190475.0,8792.38
18,8,1069499.0,189872.0,8796.27
18,9,1073766.0,190400.0,8833.66
18,10,1075194.0,190283.0,8849.11
18,11,1073934.0,189852.0,8840.82
18,12,1072248.0,190461.0,8817.87
18,13,1069438.0,191011.0,8784.27
18,14,1066965.0,188227.0,8787.38
18,15,1077180.0,190165.0,8870.15
18,16,1077614.0,189558.0,8880.56
18,17,1070000.0,192054.0,8779.46
18,18,1073586.0,190185.0,8834.01
18,19,1072847.0,196954.0,8758.93
18,20,1071350.0,190224.0,8811.26
18,21,1075197.0,191521.0,8836.76
18,22,1074402.0,192206.0,8821.96
18,23,1074362.0,192648.0,8817.14
18,24,1089803.0,190201.0,8996.02
18,25,1077393.0,193468.0,8839.25
18,26,1071726.0,191156.0,8805.70
18,27,1150215.0,191474.0,9587.41
18,28,1076063.0,195205.0,8808.58
18,29,1074113.0,191517.0,8825.96
18,30,1073017.0,196127.0,8768.90
18,31,1074543.0,189574.0,8849.69
18,32,1075414.0,189610.0,8858.04
18,33,1074004.0,196711.0,8772.93
18,34,1075103.0,188609.0,8864.94
18,35,1076831.0,191289.0,8855.42
18,36,1073712.0,188576.0,8851.36
18,37,1073751.0,189850.0,8839.01
18,38,1073663.0,189220.0,8844.43
18,39,1075961.0,208323.0,8676.38
18,40,1076155.0,188820.0,8873.35
18,41,1077707.0,196865.0,8808.42
18,42,1076233.0,189791.0,8864.42
18,43,1071857.0,189189.0,8826.68
18,44,1075960.0,198128.0,8778.32
18,45,1074898.0,191406.0,8834.92
18,46,1075459.0,190465.0,8849.94
18,47,1077299.0,189932.0,8873.67
18,48,1077169.0,188994.0,8881.75
18,49,1074882.0,190369.0,8845.13
18,50,1076582.0,189847.0,8867.35
18,51,1077224.0,191505.0,8857.19
18,52,1074652.0,190865.0,8837.87
18,53,1076445.0,196513.0,8799.32
18,54,1073439.0,187711.0,8857.28
18,55,1075860.0,191648.0,8842.12
18,56,1073965.0,190724.0,8832.41
18,57,1076377.0,189613.0,8867.64
18,58,1074832.0,188506.0,8863.26
18,59,1074751.0,203186.0,8715.65
18,60,1074835.0,192580.0,8822.55
18,61,1075245.0,190069.0,8851.76
18,62,1075150.0,192041.0,8831.09
18,63,1076584.0,189881.0,8867.03
18,64,1075415.0,189881.0,8855.34
18,65,1075640.0,189948.0,8856.92
18,66,1076635.0,190249.0,8863.86
18,67,1074885.0,189688.0,8851.97
18,68,1074737.0,191634.0,8831.03
18,69,1074922.0,192726.0,8821.96
18,70,1073401.0,196023.0,8773.78
18,71,1072021.0,197042.0,8749.79
18,72,1074645.0,191733.0,8829.12
18,73,1074202.0,191765.0,8824.37
18,74,1074281.0,188804.0,8854.77
18,75,1071646.0,195452.0,8761.94
18,76,1077926.0,188141.0,8897.85
18,77,1077805.0,189342.0,8884.63
18,78,1076646.0,190494.0,8861.52
18,79,1078555.0,191653.0,8869.02
18,80,1077111.0,195984.0,8811.27
18,81,1074593.0,191869.0,8827.24
18,82,1075331.0,192151.0,8831.80
18,83,1077495.0,190633.0,8868.62
18,84,1073559.0,191980.0,8815.79
18,85,1080627.0,194562.0,8860.65
18,86,1075611.0,195080.0,8805.31
18,87,1075893.0,187397.0,8884.96
18,88,1077208.0,192580.0,8846.28
18,89,1075768.0,194731.0,8810.37
18,90,1072834.0,195461.0,8773.73
18,91,1075345.0,194870.0,8804.75
18,92,1076044.0,188156.0,8878.88
18,93,1074410.0,192350.0,8820.60
18,94,1075510.0,190641.0,8848.69
18,95,1074018.0,191416.0,8826.02
18,96,1075111.0,195849.0,8792.62
18,97,1074844.0,190998.0,8838.46
18,98,1074451.0,191680.0,8827.71
18,99,1076382.0,192080.0,8843.02
19,0,1162495.0,201790.0,9607.05
19,1,1162564.0,210408.0,9521.56
19,2,1161163.0,201591.0,9595.72
19,3,1163097.0,200326.0,9627.71
19,4,1161323.0,198879.0,9624.44
19,5,1159230.0,198574.0,9606.56
19,6,1158468.0,198367.0,9601.01
19,7,1159884.0,198338.0,9615.46
19,8,1160343.0,198243.0,9621.00
19,9,1157854.0,196318.0,9615.36
19,10,1159401.0,200413.0,9589.88
19,11,1159297.0,197014.0,9622.83
19,12,1160134.0,196829.0,9633.05
19,13,1166342.0,198288.0,9680.54
19,14,1160156.0,196642.0,9635.14
19,15,1162243.0,197490.0,9647.53
19,16,1160545.0,199869.0,9606.76
19,17,1164808.0,200329.0,9644.79
19,18,1161728.0,200969.0,9607.59
19,19,1159672.0,200258.0,9594.14
19,20,1161126.0,198789.0,9623.37
19,21,1166061.0,200933.0,9651.28
19,22,1162101.0,199500.0,9626.01
19,23,1161034.0,197647.0,9633.87
19,24,1161807.0,201420.0,9603.87
19,25,1165703.0,200542.0,9651.61
19,26,1160646.0,200771.0,9598.75
19,27,1160115.0,198021.0,9620.94
19,28,1161517.0,197377.0,9641.40
19,29,1160208.0,199593.0,9606.15
19,30,1161880.0,196063.0,9658.17
19,31,1163760.0,199044.0,9647.16
19,32,1161675.0,199125.0,9625.50
19,33,1162046.0,198693.0,9633.53
19,34,1165693.0,198760.0,9669.33
19,35,1162500.0,198901.0,9635.99
19,36,1162304.0,198204.0,9641.00
19,37,1164191.0,200146.0,9640.45
19,38,1165013.0,199083.0,9659.30
19,39,1164515.0,201140.0,9633.75
19,40,1165237.0,199300.0,9659.37
19,41,1164514.0,198922.0,9655.92
19,42,1163409.0,200672.0,9627.37
19,43,1163905.0,200219.0,9636.86
19,44,1163225.0,200465.0,9627.60
19,45,1163893.0,199029.0,9648.64
19,46,1162003.0,199905.0,9620.98
19,47,1162911.0,200713.0,9621.98
19,48,1163307.0,198887.0,9644.20
19,49,1160966.0,200928.0,9600.38
19,50,1160633.0,199359.0,9612.74
19,51,1164655.0,199261.0,9653.94
19,52,1162485.0,201542.0,9609.43
19,53,1162890.0,198590.0,9643.00
19,54,1164623.0,198028.0,9665.95
19,55,1165826.0,198145.0,9676.81
19,56,1165689.0,200564.0,9651.25
19,57,1166561.0,200441.0,9661.20
19,58,1165782.0,199211.0,9665.71
19,59,1161990.0,199191.0,9627.99
19,60,1159470.0,198495.0,9609.75
19,61,1161472.0,198188.0,9632.84
19,62,1163595.0,202290.0,9613.05
19,63,1163143.0,203064.0,9600.79
19,64,1162634.0,201552.0,9610.82
19,65,1166954.0,196905.0,9700.49
19,66,1159871.0,199449.0,9604.22
19,67,1160508.0,197485.0,9630.23
19,68,1159859.0,200211.0,9596.48
19,69,1162750.0,198544.0,9642.06
19,70,1160990.0,199350.0,9616.40
19,71,1162629.0,199494.0,9631.35
19,72,1164514.0,199434.0,9650.80
19,73,1162833.0,199080.0,9637.53
19,74,1164610.0,199115.0,9654.95
19,75,1163775.0,199374.0,9644.01
19,76,1164049.0,199639.0,9644.10
19,77,1162235.0,198910.0,9633.25
19,78,1164169.0,199718.0,9644.51
19,79,1166246.0,199924.0,9663.22
19,80,1161290.0,198291.0,9629.99
19,81,1162998.0,364087.0,7989.11
19,82,1161384.0,202376.0,9590.08
19,83,1166579.0,200552.0,9660.27
19,84,1165179.0,199702.0,9654.77
19,85,1166972.0,197847.0,9691.25
19,86,1166369.0,206579.0,9597.90
19,87,1165673.0,198840.0,9668.33
19,88,1163553.0,200228.0,9633.25
19,89,1166607.0,196052.0,9705.55
19,90,1163531.0,199194.0,9643.37
19,91,1163968.0,206229.0,9577.39
19,92,1163369.0,199174.0,9641.95
19,93,1162971.0,199042.0,9639.29
19,94,1165986.0,195981.0,9700.05
19,95,1163730.0,198962.0,9647.68
19,96,1165774.0,199160.0,9666.14
19,97,1161196.0,199692.0,9615.04
19,98,1161936.0,198859.0,9630.77
19,99,1162569.0,200023.0,9625.46
20,0,1251543.0,216720.0,10348.23
20,1,1250364.0,216385.0,10339.79
20,2,1254663.0,213119.0,10415.44
20,3,1252618.0,212791.0,10398.27
20,4,1253943.0,212629.0,10413.14
20,5,1254177.0,208202.0,10459.75
20,6,1251648.0,210959.0,10406.89
20,7,1249032.0,213230.0,10358.02
20,8,1249747.0,210567.0,10391.80
20,9,1254211.0,212637.0,10415.74
20,10,1252349.0,212566.0,10397.83
20,11,1302299.0,210005.0,10922.94
20,12,1253050.0,211348.0,10417.02
20,13,1251576.0,211755.0,10398.21
20,14,1253558.0,213393.0,10401.65
20,15,1253754.0,212738.0,10410.16
20,16,1251342.0,213499.0,10378.43
20,17,1258606.0,212587.0,10460.19
20,18,1254291.0,213870.0,10404.21
20,19,1253688.0,214833.0,10388.55
20,20,1257554.0,213710.0,10438.44
20,21,1253961.0,207162.0,10467.99
20,22,1260285.0,216473.0,10438.12
20,23,1253004.0,213124.0,10398.80
20,24,1256615.0,213519.0,10430.96
20,25,1255607.0,210719.0,10448.88
20,26,1255070.0,209720.0,10453.50
20,27,1257698.0,215689.0,10420.09
20,28,1259633.0,212322.0,10473.11
20,29,1256607.0,215418.0,10411.89
20,30,1258516.0,215263.0,10432.53
20,31,1253990.0,208041.0,10459.49
20,32,1254970.0,212368.0,10426.02
20,33,1253785.0,216025.0,10377.60
20,34,1256463.0,217178.0,10392.85
20,35,1258303.0,213691.0,10446.12
20,36,1256354.0,212760.0,10435.94
20,37,1255938.0,213404.0,10425.34
20,38,1257845.0,215082.0,10427.63
20,39,1256628.0,214904.0,10417.24
20,40,1256094.0,220773.0,10353.21
20,41,1256122.0,216082.0,10400.40
20,42,1256988.0,212382.0,10446.06
20,43,1256427.0,214034.0,10423.93
20,44,1258610.0,212956.0,10456.54
20,45,1256656.0,212763.0,10438.93
20,46,1259589.0,210591.0,10489.98
20,47,1265875.0,213541.0,10523.34
20,48,1260854.0,211212.0,10496.42
20,49,1264978.0,213202.0,10517.76
20,50,1255541.0,213712.0,10418.29
20,51,1254482.0,211494.0,10429.88
20,52,1255834.0,212912.0,10429.22
20,53,1258803.0,214101.0,10447.02
20,54,1254380.0,213884.0,10404.96
20,55,1255797.0,212515.0,10432.82
20,56,1257342.0,210484.0,10468.58
20,57,1258269.0,211310.0,10469.59
20,58,1256346.0,210649.0,10456.97
20,59,1256899.0,213934.0,10429.65
20,60,1255861.0,216003.0,10398.58
20,61,1254292.0,218595.0,10356.97
20,62,1255902.0,212156.0,10437.46
20,63,1257390.0,214541.0,10428.49
20,64,1256755.0,213952.0,10428.03
20,65,1255055.0,214215.0,10408.40
20,66,1256933.0,213872.0,10430.61
20,67,1254294.0,212433.0,10418.61
20,68,1254499.0,212814.0,10416.85
20,69,1255572.0,213361.0,10422.11
20,70,1257177.0,213806.0,10433.71
20,71,1257362.0,214773.0,10425.89
20,72,1257746.0,213094.0,10446.52
20,73,1254241.0,213664.0,10405.77
20,74,1255955.0,211983.0,10439.72
20,75,1256586.0,210109.0,10464.77
20,76,1256595.0,215716.0,10408.79
20,77,1258490.0,211005.0,10474.85
20,78,1256477.0,214938.0,10415.39
20,79,1258853.0,213731.0,10451.22
20,80,1256633.0,213462.0,10431.71
20,81,1256192.0,213690.0,10425.02
20,82,1253848.0,212743.0,10411.05
20,83,1255942.0,214935.0,10410.07
20,84,1253129.0,211676.0,10414.53
20,85,1260641.0,214520.0,10461.21
20,86,1254417.0,214278.0,10401.39
20,87,1252484.0,210808.0,10416.76
20,88,1256916.0,211268.0,10456.48
20,89,1256635.0,211850.0,10447.85
20,90,1259198.0,210953.0,10482.45
20,91,1256886.0,210014.0,10468.72
20,92,1257381.0,211395.0,10459.86
20,93,1256150.0,211403.0,10447.47
20,94,1256402.0,211700.0,10447.02
20,95,1255478.0,214550.0,10409.28
20,96,1254478.0,210324.0,10441.54
20,97,1254530.0,213384.0,10411.46
20,98,1257285.0,214085.0,10432.00
20,99,1259072.0,214214.0,10448.58
21,0,1420299.0,219474.0,12008.25
21,1,1352638.0,218521.0,11341.17
21,2,1349729.0,218675.0,11310.54
21,3,1350839.0,232751.0,11180.88
21,4,1350165.0,803392.0,5467.73
21,5,1349557.0,224203.0,11253.54
21,6,1350650.0,218929.0,11317.21
21,7,1353565.0,219781.0,11337.84
21,8,1349996.0,217574.0,11324.22
21,9,1349966.0,219638.0,11303.28
21,10,1347407.0,226167.0,11212.40
21,11,1345149.0,221572.0,11235.77
21,12,1349256.0,222248.0,11270.08
21,13,1351501.0,218704.0,11327.97
21,14,1349470.0,225545.0,11239.25
21,15,1352303.0,224963.0,11273.40
21,16,1349407.0,217378.0,11320.29
21,17,1354020.0,221060.0,11329.60
21,18,1349603.0,219709.0,11298.94
21,19,1350637.0,217081.0,11335.56
21,20,1354733.0,227691.0,11270.42
21,21,1352003.0,221946.0,11300.57
21,22,1354531.0,222452.0,11320.79
21,23,1356589.0,219099.0,11374.90
21,24,1353395.0,218940.0,11344.55
21,25,1356622.0,215522.0,11411.00
21,26,1356379.0,226544.0,11298.35
21,27,1350901.0,219219.0,11316.82
21,28,1350907.0,224017.0,11268.90
21,29,1353820.0,218984.0,11348.36
21,30,1354036.0,226699.0,11273.37
21,31,1354198.0,224870.0,11293.28
21,32,1354903.0,216563.0,11383.40
21,33,1356436.0,215327.0,11411.09
21,34,1353919.0,219027.0,11348.92
21,35,1353876.0,220999.0,11328.77
21,36,1355229.0,222621.0,11326.08
21,37,1353743.0,214550.0,11391.93
21,38,1354695.0,225982.0,11287.13
21,39,1353280.0,223987.0,11292.93
21,40,1355501.0,221386.0,11341.15
21,41,1353221.0,219771.0,11334.50
21,42,1354512.0,224156.0,11303.56
21,43,1355034.0,221474.0,11335.60
21,44,1354419.0,225148.0,11292.71
21,45,1353952.0,224416.0,11295.36
21,46,1351177.0,217942.0,11332.35
21,47,1352478.0,216714.0,11357.64
21,48,1355204.0,216657.0,11385.47
21,49,1354948.0,218910.0,11360.38
21,50,1352920.0,219191.0,11337.29
21,51,1354094.0,217590.0,11365.04
21,52,1355265.0,218880.0,11363.85
21,53,1351417.0,221755.0,11296.62
21,54,1355852.0,217075.0,11387.77
21,55,1349100.0,219435.0,11296.65
21,56,1351150.0,219806.0,11313.44
21,57,1353807.0,219563.0,11342.44
21,58,1352379.0,216802.0,11355.77
21,59,1355370.0,219623.0,11357.47
21,60,1363432.0,221334.0,11420.98
21,61,1354142.0,217446.0,11366.96
21,62,1354360.0,216889.0,11374.71
21,63,1355180.0,217006.0,11381.74
21,64,1356319.0,222273.0,11340.46
21,65,1354370.0,230181.0,11241.89
21,66,1355852.0,230617.0,11252.35
21,67,1354021.0,225520.0,11285.01
21,68,1353797.0,220825.0,11329.72
21,69,1352127.0,221870.0,11302.57
21,70,1349917.0,218742.0,11311.75
21,71,1355209.0,217266.0,11379.43
21,72,1353257.0,218759.0,11344.98
21,73,1354367.0,218327.0,11360.40
21,74,1356505.0,221275.0,11352.30
21,75,1353563.0,218840.0,11347.23
21,76,1355171.0,220594.0,11345.77
21,77,1355521.0,223647.0,11318.74
21,78,1350799.0,217297.0,11335.02
21,79,1353949.0,217886.0,11360.63
21,80,1353953.0,219576.0,11343.77
21,81,1356058.0,220019.0,11360.39
21,82,1353686.0,217673.0,11360.13
21,83,1355830.0,220051.0,11357.79
21,84,1354795.0,220524.0,11342.71
21,85,1353075.0,217447.0,11356.28
21,86,1354302.0,222179.0,11321.23
21,87,1352441.0,224071.0,11283.70
21,88,1351833.0,219577.0,11322.56
21,89,1353813.0,218221.0,11355.92
21,90,1352862.0,228012.0,11248.50
21,91,1353110.0,221396.0,11317.14
21,92,1355910.0,224760.0,11311.50
21,93,1354785.0,221614.0,11331.71
21,94,1354776.0,219314.0,11354.62
21,95,1355273.0,219288.0,11359.85
21,96,1354079.0,220700.0,11333.79
21,97,1354194.0,222739.0,11314.55
21,98,1353695.0,221780.0,11319.15
21,99,1354264.0,219498.0,11347.66
22,0,1456733.0,226191.0,12305.42
22,1,1449537.0,222967.0,12265.70
22,2,1449488.0,232700.0,12167.88
22,3,1448399.0,226024.0,12223.75
22,4,1449765.0,223202.0,12265.63
22,5,1448692.0,226545.0,12221.47
22,6,1449738.0,226804.0,12229.34
22,7,1450456.0,225133.0,12253.23
22,8,1452893.0,226704.0,12261.89
22,9,1452341.0,224809.0,12275.32
22,10,1456958.0,224278.0,12326.80
22,11,1454674.0,223856.0,12308.18
22,12,1452854.0,224995.0,12278.59
22,13,1453924.0,226063.0,12278.61
22,14,1453138.0,223557.0,12295.81
22,15,1456167.0,227082.0,12290.85
22,16,1452822.0,224624.0,12281.98
22,17,1455424.0,222571.0,12328.53
22,18,1450529.0,223083.0,12274.46
22,19,1452154.0,225531.0,12266.23
22,20,1450325.0,227485.0,12228.40
22,21,1456925.0,226850.0,12300.75
22,22,1453990.0,226451.0,12275.39
22,23,1455143.0,227165.0,12279.78
22,24,1456452.0,224175.0,12322.77
22,25,1454588.0,224884.0,12297.04
22,26,1454973.0,225199.0,12297.74
22,27,1459496.0,223384.0,12361.12
22,28,1455380.0,226545.0,12288.35
22,29,1457181.0,226836.0,12303.45
22,30,1458041.0,426160.0,10318.81
22,31,1457395.0,227930.0,12294.65
22,32,1454816.0,225437.0,12293.79
22,33,1457594.0,226281.0,12313.13
22,34,1454755.0,226701.0,12280.54
22,35,1459867.0,226663.0,12332.04
22,36,1457221.0,224588.0,12326.33
22,37,1456769.0,224745.0,12320.24
22,38,1457802.0,223478.0,12343.24
22,39,1457918.0,224562.0,12333.56
22,40,1457271.0,223892.0,12333.79
22,41,1461547.0,226505.0,12350.42
22,42,1453896.0,226881.0,12270.15
22,43,1456868.0,226346.0,12305.22
22,44,1457799.0,223196.0,12346.03
22,45,1456463.0,225357.0,12311.06
22,46,1456956.0,226092.0,12308.64
22,47,1457642.0,226793.0,12308.49
22,48,1456006.0,225689.0,12303.17
22,49,1457202.0,227569.0,12296.33
22,50,1454462.0,227378.0,12270.84
22,51,1455056.0,226345.0,12287.11
22,52,1462822.0,224576.0,12382.46
22,53,1455235.0,226611.0,12286.24
22,54,1454330.0,229332.0,12249.98
22,55,1457161.0,224408.0,12327.53
22,56,1454751.0,224014.0,12307.37
22,57,1457855.0,224774.0,12330.81
22,58,1456515.0,223306.0,12332.09
22,59,1455508.0,225353.0,12301.55
22,60,1458227.0,227593.0,12306.34
22,61,1458010.0,224959.0,12330.51
22,62,1458099.0,226435.0,12316.64
22,63,1456009.0,229359.0,12266.50
22,64,1453208.0,225229.0,12279.79
22,65,1460501.0,227593.0,12329.08
22,66,1455132.0,225831.0,12293.01
22,67,1455594.0,226313.0,12292.81
22,68,1456359.0,226964.0,12293.95
22,69,1457699.0,223116.0,12345.83
22,70,1456377.0,226255.0,12301.22
22,71,1454655.0,225730.0,12289.25
22,72,1453686.0,225964.0,12277.22
22,73,1453793.0,225285.0,12285.08
22,74,1458224.0,225213.0,12330.11
22,75,1457192.0,224681.0,12325.11
22,76,1455601.0,224146.0,12314.55
22,77,1456211.0,223619.0,12325.92
22,78,1455476.0,225156.0,12303.20
22,79,1456873.0,226341.0,12305.32
22,80,1458219.0,229353.0,12288.66
22,81,1453603.0,225815.0,12277.88
22,82,1456492.0,224909.0,12315.83
22,83,1455900.0,228089.0,12278.11
22,84,1455437.0,229885.0,12255.52
22,85,1458347.0,227202.0,12311.45
22,86,1456576.0,226620.0,12299.56
22,87,1457087.0,229505.0,12275.82
22,88,1458069.0,228141.0,12299.28
22,89,1456608.0,222876.0,12337.32
22,90,1457594.0,238723.0,12188.71
22,91,1457086.0,222986.0,12341.00
22,92,1456917.0,224140.0,12327.77
22,93,1457501.0,230113.0,12273.88
22,94,1453223.0,225863.0,12273.60
22,95,1454104.0,226051.0,12280.53
22,96,1454462.0,228444.0,12260.18
22,97,1457907.0,225365.0,12325.42
22,98,1458173.0,222895.0,12352.78
22,99,1456383.0,222809.0,12335.74
23,0,1559166.0,236692.0,13224.74
23,1,1559013.0,233732.0,13252.81
23,2,1559411.0,236616.0,13227.95
23,3,1557633.0,238707.0,13189.26
23,4,1562441.0,236290.0,13261.51
23,5,1557527.0,234437.0,13230.90
23,6,1555835.0,235366.0,13204.69
23,7,1557585.0,232616.0,13249.69
23,8,1558993.0,231887.0,13271.06
23,9,1559835.0,233400.0,13264.35
23,10,1558067.0,235883.0,13221.84
23,11,1557407.0,233927.0,13234.80
23,12,1558168.0,233114.0,13250.54
23,13,1559560.0,232607.0,13269.53
23,14,1556745.0,233366.0,13233.79
23,15,1562353.0,236427.0,13259.26
23,16,1557191.0,236361.0,13208.30
23,17,1562120.0,235772.0,13263.48
23,18,1558242.0,233073.0,13251.69
23,19,1556971.0,232297.0,13246.74
23,20,1564518.0,236570.0,13279.48
23,21,1559143.0,236131.0,13230.12
23,22,1696436.0,233415.0,14630.21
23,23,1562978.0,235832.0,13271.46
23,24,1562994.0,233481.0,13295.13
23,25,1571481.0,235389.0,13360.92
23,26,1563512.0,233396.0,13301.16
23,27,1565792.0,235904.0,13298.88
23,28,1567303.0,232668.0,13346.35
23,29,1563055.0,233173.0,13298.82
23,30,1563814.0,236151.0,13276.63
23,31,1562723.0,236134.0,13265.89
23,32,1564722.0,232933.0,13317.89
23,33,1565095.0,236748.0,13283.47
23,34,1561824.0,233870.0,13279.54
23,35,1563521.0,232654.0,13308.67
23,36,1562268.0,232179.0,13300.89
23,37,1562700.0,324718.0,12379.82
23,38,1563476.0,235940.0,13275.36
23,39,1560498.0,233814.0,13266.84
23,40,1564350.0,233147.0,13312.03
23,41,1564195.0,234980.0,13292.15
23,42,1560473.0,234113.0,13263.60
23,43,1562219.0,234529.0,13276.90
23,44,1563320.0,232388.0,13309.32
23,45,1564462.0,232231.0,13322.31
23,46,1562556.0,234444.0,13281.12
23,47,1561671.0,232399.0,13292.72
23,48,1563007.0,232811.0,13301.96
23,49,1563572.0,232438.0,13311.34
23,50,1563484.0,239808.0,13236.76
23,51,1562870.0,235150.0,13277.20
23,52,1561900.0,234269.0,13276.31
23,53,1566224.0,234778.0,13314.46
23,54,1564729.0,235085.0,13296.44
23,55,1563099.0,242550.0,13205.49
23,56,1561582.0,234389.0,13271.93
23,57,1562744.0,233980.0,13287.64
23,58,1564837.0,234960.0,13298.77
23,59,1565559.0,233221.0,13323.38
23,60,1563528.0,239324.0,13242.04
23,61,1562044.0,233806.0,13282.38
23,62,1564509.0,233313.0,13311.96
23,63,1564868.0,232978.0,13318.90
23,64,1563156.0,240925.0,13222.31
23,65,1558939.0,233296.0,13256.43
23,66,1562834.0,233192.0,13296.42
23,67,1563085.0,233756.0,13293.29
23,68,1561988.0,232496.0,13294.92
23,69,1562362.0,233804.0,13285.58
23,70,1562890.0,232967.0,13299.23
23,71,1565225.0,235653.0,13295.72
23,72,1563162.0,234329.0,13288.33
23,73,1563311.0,235814.0,13274.97
23,74,1564050.0,243190.0,13208.60
23,75,1561238.0,232877.0,13283.61
23,76,1564799.0,233692.0,13311.07
23,77,1562168.0,234381.0,13277.87
23,78,1562987.0,234144.0,13288.43
23,79,1560210.0,234083.0,13261.27
23,80,1562325.0,233475.0,13288.50
23,81,1563025.0,232897.0,13301.28
23,82,1563536.0,233656.0,13298.80
23,83,1561558.0,231826.0,13297.32
23,84,1563051.0,233293.0,13297.58
23,85,1561698.0,239268.0,13224.30
23,86,1563672.0,239843.0,13238.29
23,87,1566964.0,233361.0,13336.03
23,88,1563452.0,234950.0,13285.02
23,89,1564160.0,238155.0,13260.05
23,90,1561415.0,236000.0,13254.15
23,91,1563560.0,237318.0,13262.42
23,92,1562979.0,233649.0,13293.30
23,93,1563564.0,232616.0,13309.48
23,94,1565107.0,233410.0,13316.97
23,95,1564610.0,234201.0,13304.09
23,96,1563507.0,233027.0,13304.80
23,97,1564141.0,232559.0,13315.82
23,98,1563793.0,232461.0,13313.32
23,99,1564402.0,238288.0,13261.14
24,0,1672843.0,247978.0,14248.65
24,1,1675424.0,248373.0,14270.51
24,2,1670885.0,248841.0,14220.44
24,3,1677457.0,360031.0,13174.26
24,4,1673041.0,252726.0,14203.15
24,5,1670050.0,247705.0,14223.45
24,6,1671379.0,255200.0,14161.79
24,7,1677424.0,249852.0,14275.72
24,8,1680836.0,255579.0,14252.57
24,9,1680830.0,250444.0,14303.86
24,10,1672098.0,248599.0,14234.99
24,11,1677930.0,250862.0,14270.68
24,12,1679478.0,247495.0,14319.83
24,13,1674496.0,251710.0,14227.86
24,14,1677803.0,249323.0,14284.80
24,15,1676100.0,245578.0,14305.22
24,16,1675378.0,246176.0,14292.02
24,17,1675560.0,247868.0,14276.92
24,18,1675071.0,250427.0,14246.44
24,19,1673450.0,247979.0,14254.71
24,20,1696711.0,254181.0,14425.30
24,21,1673900.0,250723.0,14231.77
24,22,1674042.0,251650.0,14223.92
24,23,1674120.0,251022.0,14230.98
24,24,1675392.0,252095.0,14232.97
24,25,1693478.0,254449.0,14390.29
24,26,1673797.0,243118.0,14306.79
24,27,1675063.0,249317.0,14257.46
24,28,1674309.0,253191.0,14211.18
24,29,1673467.0,251534.0,14219.33
24,30,1674432.0,253190.0,14212.42
24,31,1674482.0,249352.0,14251.30
24,32,1675535.0,251427.0,14241.08
24,33,1673435.0,248800.0,14246.35
24,34,1674133.0,248088.0,14260.45
24,35,1675500.0,255168.0,14203.32
24,36,1679342.0,249296.0,14300.46
24,37,1675392.0,247271.0,14281.21
24,38,1675343.0,248565.0,14267.78
24,39,1673380.0,247215.0,14261.65
24,40,1672881.0,252202.0,14206.79
24,41,1674827.0,245897.0,14289.30
24,42,1675322.0,248837.0,14264.85
24,43,1674591.0,249121.0,14254.70
24,44,1677627.0,252422.0,14252.05
24,45,1673602.0,250127.0,14234.75
24,46,1675069.0,246974.0,14280.95
24,47,1675753.0,248927.0,14268.26
24,48,1674695.0,246114.0,14285.81
24,49,1674000.0,247464.0,14265.36
24,50,1674322.0,245027.0,14292.95
24,51,1685752.0,249258.0,14364.94
24,52,1680571.0,252861.0,14277.10
24,53,1674521.0,250124.0,14243.97
24,54,1676964.0,250610.0,14263.54
24,55,1676415.0,252035.0,14243.80
24,56,1677705.0,250652.0,14270.53
24,57,1676993.0,250171.0,14268.22
24,58,1674358.0,250017.0,14243.41
24,59,1676791.0,249584.0,14272.07
24,60,1676452.0,245162.0,14312.90
24,61,1675222.0,247772.0,14274.50
24,62,1675143.0,245409.0,14297.34
24,63,1681771.0,246563.0,14352.08
24,64,1674077.0,250002.0,14240.75
24,65,1675961.0,246615.0,14293.46
24,66,1677144.0,245457.0,14316.87
24,67,1677569.0,249589.0,14279.80
24,68,1693619.0,252294.0,14413.25
24,69,1677144.0,253884.0,14232.60
24,70,1676471.0,250782.0,14256.89
24,71,1674973.0,249315.0,14256.58
24,72,1675276.0,249426.0,14258.50
24,73,1681583.0,250554.0,14310.29
24,74,1672246.0,244997.0,14272.49
24,75,1676678.0,247672.0,14290.06
24,76,1683736.0,249260.0,14344.76
24,77,1679995.0,250105.0,14298.90
24,78,1673714.0,250865.0,14228.49
24,79,1684069.0,249993.0,14340.76
24,80,1675870.0,244625.0,14312.45
24,81,1676539.0,246814.0,14297.25
24,82,1677336.0,247035.0,14303.01
24,83,1673993.0,252108.0,14218.85
24,84,1673390.0,253264.0,14201.26
24,85,1679520.0,250503.0,14290.17
24,86,1672791.0,252305.0,14204.86
24,87,1676189.0,252002.0,14241.87
24,88,1673588.0,252352.0,14212.36
24,89,1682185.0,248860.0,14333.25
24,90,1677092.0,250091.0,14270.01
24,91,1699595.0,249090.0,14505.05
24,92,1683696.0,248924.0,14347.72
24,93,1676330.0,247349.0,14289.81
24,94,1676250.0,247805.0,14284.45
24,95,1674228.0,247288.0,14269.40
24,96,1676781.0,248715.0,14280.66
24,97,1677389.0,249011.0,14283.78
24,98,1684378.0,247721.0,14366.57
24,99,1676996.0,249364.0,14276.32
