tile_,tile_1,ranks,dpus,tasklets,visited,cost,mu,sigma,acq
1,1,1,1,1,1,,4.45775,3.43372,0.273554
1,1,1,1,2,1,,,,
1,1,1,1,3,1,,,,
1,1,1,1,4,1,,,,
1,1,1,1,6,1,,,,
1,1,1,1,8,1,,,,
1,1,1,1,12,1,,,,
1,1,1,1,16,1,,,,
1,1,1,1,24,1,,,,
1,2,1,1,1,0,,4.6564,3.35905,0.37473
1,2,1,1,2,1,,,,
1,2,1,1,3,1,,,,
1,2,1,1,4,1,,,,
1,2,1,1,6,1,,,,
1,2,1,1,8,1,,,,
1,2,1,1,12,1,,,,
1,2,1,1,16,1,,,,
1,2,1,1,24,1,,,,
1,3,1,1,1,1,,3.91798,3.69228,-0.0263397
1,3,1,1,2,1,,,,
1,3,1,1,3,1,,,,
1,3,1,1,4,1,,,,
1,3,1,1,6,1,,,,
1,3,1,1,8,1,,,,
1,3,1,1,12,1,,,,
1,3,1,1,16,1,,,,
1,3,1,1,24,1,,,,
1,4,1,1,1,0,,3.65674,3.79235,-0.160236
1,4,1,1,2,1,,,,
1,4,1,1,3,1,,,,
1,4,1,1,4,1,,,,
1,4,1,1,6,1,,,,
1,4,1,1,8,1,,,,
1,4,1,1,12,1,,,,
1,4,1,1,16,1,,,,
1,4,1,1,24,1,,,,
1,6,1,1,1,0,,3.32028,4.2101,-0.462342
1,6,1,1,2,1,,,,
1,6,1,1,3,1,,,,
1,6,1,1,4,1,,,,
1,6,1,1,6,1,,,,
1,6,1,1,8,1,,,,
1,6,1,1,12,1,,,,
1,6,1,1,16,1,,,,
1,6,1,1,24,1,,,,
1,8,1,1,1,1,,3.12732,4.67548,-0.736957
1,8,1,1,2,1,,,,
1,8,1,1,3,1,,,,
1,8,1,1,4,1,,,,
1,8,1,1,6,1,,,,
1,8,1,1,8,1,,,,
1,8,1,1,12,1,,,,
1,8,1,1,16,1,,,,
1,8,1,1,24,1,,,,
1,12,1,1,1,1,,2.91079,5.30718,-1.09426
1,12,1,1,2,1,,,,
1,12,1,1,3,1,,,,
1,12,1,1,4,1,,,,
1,12,1,1,6,1,,,,
1,12,1,1,8,1,,,,
1,12,1,1,12,1,,,,
1,12,1,1,16,1,,,,
1,12,1,1,24,1,,,,
1,16,1,1,1,0,,2.76834,5.73888,-1.33655
1,16,1,1,2,1,,,,
1,16,1,1,3,1,,,,
1,16,1,1,4,1,,,,
1,16,1,1,6,1,,,,
1,16,1,1,8,1,,,,
1,16,1,1,12,1,,,,
1,16,1,1,16,1,,,,
1,16,1,1,24,1,,,,
1,24,1,1,1,1,,2.57993,6.28836,-1.64736
1,24,1,1,2,1,,,,
1,24,1,1,3,1,,,,
1,24,1,1,4,1,,,,
1,24,1,1,6,1,,,,
1,24,1,1,8,1,,,,
1,24,1,1,12,1,,,,
1,24,1,1,16,1,,,,
1,24,1,1,24,1,,,,
1,32,1,1,1,0,,2.34621,6.54162,-1.84065
1,32,1,1,2,1,,,,
1,32,1,1,3,1,,,,
1,32,1,1,4,1,,,,
1,32,1,1,6,1,,,,
1,32,1,1,8,1,,,,
1,32,1,1,12,1,,,,
1,32,1,1,16,1,,,,
1,32,1,1,24,1,,,,
1,48,1,1,1,1,,1.96905,6.88442,-2.12297
1,48,1,1,2,1,,,,
1,48,1,1,3,1,,,,
1,48,1,1,4,1,,,,
1,48,1,1,6,1,,,,
1,48,1,1,8,1,,,,
1,48,1,1,12,1,,,,
1,48,1,1,16,1,,,,
1,48,1,1,24,1,,,,
1,64,1,1,1,1,,1.71004,7.11219,-2.31343
1,64,1,1,2,1,,,,
1,64,1,1,3,1,,,,
1,64,1,1,4,1,,,,
1,64,1,1,6,1,,,,
1,64,1,1,8,1,,,,
1,64,1,1,12,1,,,,
1,64,1,1,16,1,,,,
1,64,1,1,24,1,,,,
1,96,1,1,1,1,,1.31936,7.41976,-2.58455
1,96,1,1,2,1,,,,
1,96,1,1,3,1,,,,
1,96,1,1,4,1,,,,
1,96,1,1,6,1,,,,
1,96,1,1,8,1,,,,
1,96,1,1,12,1,,,,
1,96,1,1,16,1,,,,
1,96,1,1,24,1,,,,
1,128,1,1,1,1,,1.03701,7.63757,-2.77847
1,128,1,1,2,1,,,,
1,128,1,1,3,1,,,,
1,128,1,1,4,1,,,,
1,128,1,1,6,1,,,,
1,128,1,1,8,1,,,,
1,128,1,1,12,1,,,,
1,128,1,1,16,1,,,,
1,128,1,1,24,1,,,,
1,192,1,1,1,1,,0.632962,7.94068,-3.05214
1,192,1,1,2,1,,,,
1,192,1,1,3,1,,,,
1,192,1,1,4,1,,,,
1,192,1,1,6,1,,,,
1,192,1,1,8,1,,,,
1,192,1,1,12,1,,,,
1,192,1,1,16,1,,,,
1,192,1,1,24,1,,,,
1,256,1,1,1,0,,0.373527,8.10865,-3.2159
1,256,1,1,2,1,,,,
1,256,1,1,3,1,,,,
1,256,1,1,4,1,,,,
1,256,1,1,6,1,,,,
1,256,1,1,8,1,,,,
1,256,1,1,12,1,,,,
1,256,1,1,16,1,,,,
1,256,1,1,24,1,,,,
1,384,1,1,1,1,,0.0281727,8.33407,-3.43471
1,384,1,1,2,1,,,,
1,384,1,1,3,1,,,,
1,384,1,1,4,1,,,,
1,384,1,1,6,1,,,,
1,384,1,1,8,1,,,,
1,384,1,1,12,1,,,,
1,384,1,1,16,1,,,,
1,384,1,1,24,1,,,,
1,768,1,1,1,1,,-0.493634,8.76631,-3.80644
1,768,1,1,2,1,,,,
1,768,1,1,3,1,,,,
1,768,1,1,4,1,,,,
1,768,1,1,6,1,,,,
1,768,1,1,8,1,,,,
1,768,1,1,12,1,,,,
1,768,1,1,16,1,,,,
1,768,1,1,24,1,,,,
2,1,1,1,1,0,,4.86676,3.3024,0.471799
2,1,1,1,2,0,,3.88572,2.23355,0.617455
2,1,1,1,3,1,,,,
2,1,1,1,4,1,,,,
2,1,1,1,6,1,,,,
2,1,1,1,8,1,,,,
2,1,1,1,12,1,,,,
2,1,1,1,16,1,,,,
2,1,1,1,24,1,,,,
2,2,1,1,1,0,,4.6398,3.24069,0.422203
2,2,1,1,2,0,,4.19611,3.54928,0.132571
2,2,1,1,3,1,,,,
2,2,1,1,4,1,,,,
2,2,1,1,6,1,,,,
2,2,1,1,8,1,,,,
2,2,1,1,12,1,,,,
2,2,1,1,16,1,,,,
2,2,1,1,24,1,,,,
2,3,1,1,1,0,,4.9091,3.23363,0.51709
2,3,1,1,2,0,,4.19597,3.09381,0.336971
2,3,1,1,3,1,,,,
2,3,1,1,4,1,,,,
2,3,1,1,6,1,,,,
2,3,1,1,8,1,,,,
2,3,1,1,12,1,,,,
2,3,1,1,16,1,,,,
2,3,1,1,24,1,,,,
2,4,1,1,1,0,,4.70256,3.27275,0.429184
2,4,1,1,2,0,,4.55436,2.50833,0.721838
2,4,1,1,3,1,,,,
2,4,1,1,4,1,,,,
2,4,1,1,6,1,,,,
2,4,1,1,8,1,,,,
2,4,1,1,12,1,,,,
2,4,1,1,16,1,,,,
2,4,1,1,24,1,,,,
2,6,1,1,1,0,,4.29172,3.71244,0.091898
2,6,1,1,2,0,,4.67362,1.93726,1.01879
2,6,1,1,3,1,,,,
2,6,1,1,4,1,,,,
2,6,1,1,6,1,,,,
2,6,1,1,8,1,,,,
2,6,1,1,12,1,,,,
2,6,1,1,16,1,,,,
2,6,1,1,24,1,,,,
2,8,1,1,1,0,,4.14267,3.70209,0.0457795
2,8,1,1,2,0,,4.74966,1.94967,1.03912
2,8,1,1,3,1,,,,
2,8,1,1,4,1,,,,
2,8,1,1,6,1,,,,
2,8,1,1,8,1,,,,
2,8,1,1,12,1,,,,
2,8,1,1,16,1,,,,
2,8,1,1,24,1,,,,
2,12,1,1,1,0,,3.94756,3.59278,0.0283962
2,12,1,1,2,0,,4.74855,2.25472,0.901816
2,12,1,1,3,1,,,,
2,12,1,1,4,1,,,,
2,12,1,1,6,1,,,,
2,12,1,1,8,1,,,,
2,12,1,1,12,1,,,,
2,12,1,1,16,1,,,,
2,12,1,1,24,1,,,,
2,16,1,1,1,0,,3.8007,3.53272,0.00533625
2,16,1,1,2,0,,4.58522,2.28148,0.834177
2,16,1,1,3,1,,,,
2,16,1,1,4,1,,,,
2,16,1,1,6,1,,,,
2,16,1,1,8,1,,,,
2,16,1,1,12,1,,,,
2,16,1,1,16,1,,,,
2,16,1,1,24,1,,,,
2,24,1,1,1,0,,3.63746,3.67076,-0.112221
2,24,1,1,2,0,,4.35027,2.52658,0.64414
2,24,1,1,3,1,,,,
2,24,1,1,4,1,,,,
2,24,1,1,6,1,,,,
2,24,1,1,8,1,,,,
2,24,1,1,12,1,,,,
2,24,1,1,16,1,,,,
2,24,1,1,24,1,,,,
2,32,1,1,1,0,,3.53145,3.90932,-0.255413
2,32,1,1,2,0,,4.27348,2.68009,0.549078
2,32,1,1,3,1,,,,
2,32,1,1,4,1,,,,
2,32,1,1,6,1,,,,
2,32,1,1,8,1,,,,
2,32,1,1,12,1,,,,
2,32,1,1,16,1,,,,
2,32,1,1,24,1,,,,
2,48,1,1,1,0,,3.38634,4.15952,-0.417137
2,48,1,1,2,0,,4.15005,2.92976,0.39497
2,48,1,1,3,1,,,,
2,48,1,1,4,1,,,,
2,48,1,1,6,1,,,,
2,48,1,1,8,1,,,,
2,48,1,1,12,1,,,,
2,48,1,1,16,1,,,,
2,48,1,1,24,1,,,,
2,64,1,1,1,0,,3.31093,4.28811,-0.500542
2,64,1,1,2,0,,4.02688,3.01791,0.313453
2,64,1,1,3,1,,,,
2,64,1,1,4,1,,,,
2,64,1,1,6,1,,,,
2,64,1,1,8,1,,,,
2,64,1,1,12,1,,,,
2,64,1,1,16,1,,,,
2,64,1,1,24,1,,,,
2,96,1,1,1,0,,3.07742,4.67108,-0.751975
2,96,1,1,2,0,,3.82046,3.04656,0.23029
2,96,1,1,3,1,,,,
2,96,1,1,4,1,,,,
2,96,1,1,6,1,,,,
2,96,1,1,8,1,,,,
2,96,1,1,12,1,,,,
2,96,1,1,16,1,,,,
2,96,1,1,24,1,,,,
2,128,1,1,1,0,,2.87011,4.90764,-0.928767
2,128,1,1,2,0,,3.65553,3.0966,0.151656
2,128,1,1,3,1,,,,
2,128,1,1,4,1,,,,
2,128,1,1,6,1,,,,
2,128,1,1,8,1,,,,
2,128,1,1,12,1,,,,
2,128,1,1,16,1,,,,
2,128,1,1,24,1,,,,
2,192,1,1,1,0,,2.56031,5.26412,-1.19429
2,192,1,1,2,0,,3.39058,3.22715,0.00282019
2,192,1,1,3,1,,,,
2,192,1,1,4,1,,,,
2,192,1,1,6,1,,,,
2,192,1,1,8,1,,,,
2,192,1,1,12,1,,,,
2,192,1,1,16,1,,,,
2,192,1,1,24,1,,,,
2,256,1,1,1,0,,2.33082,5.52699,-1.39045
2,256,1,1,2,0,,3.19396,3.32757,-0.109223
2,256,1,1,3,1,,,,
2,256,1,1,4,1,,,,
2,256,1,1,6,1,,,,
2,256,1,1,8,1,,,,
2,256,1,1,12,1,,,,
2,256,1,1,16,1,,,,
2,256,1,1,24,1,,,,
2,384,1,1,1,0,,2.03747,5.91032,-1.66242
2,384,1,1,2,0,,2.90763,3.48594,-0.277827
2,384,1,1,3,1,,,,
2,384,1,1,4,1,,,,
2,384,1,1,6,1,,,,
2,384,1,1,8,1,,,,
2,384,1,1,12,1,,,,
2,384,1,1,16,1,,,,
2,384,1,1,24,1,,,,
2,768,1,1,1,1,3.04859e+06,1.58059,6.49266,-2.07942
2,768,1,1,2,1,777418,2.40639,3.79734,-0.588317
2,768,1,1,3,1,,,,
2,768,1,1,4,1,,,,
2,768,1,1,6,1,,,,
2,768,1,1,8,1,,,,
2,768,1,1,12,1,,,,
2,768,1,1,16,1,,,,
2,768,1,1,24,1,,,,
3,1,1,1,1,0,,5.07823,2.27756,1.00384
3,1,1,1,2,1,,,,
3,1,1,1,3,0,,4.60586,1.52257,1.18186
3,1,1,1,4,1,,,,
3,1,1,1,6,1,,,,
3,1,1,1,8,1,,,,
3,1,1,1,12,1,,,,
3,1,1,1,16,1,,,,
3,1,1,1,24,1,,,,
3,2,1,1,1,0,,4.77266,2.95286,0.596652
3,2,1,1,2,1,,,,
3,2,1,1,3,0,,4.56226,3.54385,0.259712
3,2,1,1,4,1,,,,
3,2,1,1,6,1,,,,
3,2,1,1,8,1,,,,
3,2,1,1,12,1,,,,
3,2,1,1,16,1,,,,
3,2,1,1,24,1,,,,
3,3,1,1,1,0,,4.62697,3.50005,0.30141
3,3,1,1,2,1,,,,
3,3,1,1,3,0,,3.74244,3.74572,-0.110116
3,3,1,1,4,1,,,,
3,3,1,1,6,1,,,,
3,3,1,1,8,1,,,,
3,3,1,1,12,1,,,,
3,3,1,1,16,1,,,,
3,3,1,1,24,1,,,,
3,4,1,1,1,0,,4.84177,3.51829,0.366384
3,4,1,1,2,1,,,,
3,4,1,1,3,0,,3.36619,3.33051,-0.0518784
3,4,1,1,4,1,,,,
3,4,1,1,6,1,,,,
3,4,1,1,8,1,,,,
3,4,1,1,12,1,,,,
3,4,1,1,16,1,,,,
3,4,1,1,24,1,,,,
3,6,1,1,1,0,,4.95004,3.6483,0.344899
3,6,1,1,2,1,,,,
3,6,1,1,3,0,,3.57544,2.45921,0.410488
3,6,1,1,4,1,,,,
3,6,1,1,6,1,,,,
3,6,1,1,8,1,,,,
3,6,1,1,12,1,,,,
3,6,1,1,16,1,,,,
3,6,1,1,24,1,,,,
3,8,1,1,1,0,,4.90024,3.80806,0.256228
3,8,1,1,2,1,,,,
3,8,1,1,3,0,,3.98813,1.89947,0.802297
3,8,1,1,4,1,,,,
3,8,1,1,6,1,,,,
3,8,1,1,8,1,,,,
3,8,1,1,12,1,,,,
3,8,1,1,16,1,,,,
3,8,1,1,24,1,,,,
3,12,1,1,1,0,,4.78435,3.90945,0.171247
3,12,1,1,2,1,,,,
3,12,1,1,3,0,,4.62265,1.85565,1.03807
3,12,1,1,4,1,,,,
3,12,1,1,6,1,,,,
3,12,1,1,8,1,,,,
3,12,1,1,12,1,,,,
3,12,1,1,16,1,,,,
3,12,1,1,24,1,,,,
3,16,1,1,1,0,,4.69824,3.87598,0.156938
3,16,1,1,2,1,,,,
3,16,1,1,3,0,,4.78023,2.06598,0.997326
3,16,1,1,4,1,,,,
3,16,1,1,6,1,,,,
3,16,1,1,8,1,,,,
3,16,1,1,12,1,,,,
3,16,1,1,16,1,,,,
3,16,1,1,24,1,,,,
3,24,1,1,1,0,,4.39357,3.95665,0.0169677
3,24,1,1,2,1,,,,
3,24,1,1,3,0,,5.02422,2.3798,0.939561
3,24,1,1,4,1,,,,
3,24,1,1,6,1,,,,
3,24,1,1,8,1,,,,
3,24,1,1,12,1,,,,
3,24,1,1,16,1,,,,
3,24,1,1,24,1,,,,
3,32,1,1,1,0,,4.15381,3.90803,-0.0428702
3,32,1,1,2,1,,,,
3,32,1,1,3,0,,4.82671,2.35459,0.883607
3,32,1,1,4,1,,,,
3,32,1,1,6,1,,,,
3,32,1,1,8,1,,,,
3,32,1,1,12,1,,,,
3,32,1,1,16,1,,,,
3,32,1,1,24,1,,,,
3,48,1,1,1,0,,3.76487,3.68225,-0.0739828
3,48,1,1,2,1,,,,
3,48,1,1,3,0,,4.66683,2.10276,0.942196
3,48,1,1,4,1,,,,
3,48,1,1,6,1,,,,
3,48,1,1,8,1,,,,
3,48,1,1,12,1,,,,
3,48,1,1,16,1,,,,
3,48,1,1,24,1,,,,
3,64,1,1,1,0,,3.48006,3.63955,-0.15182
3,64,1,1,2,1,,,,
3,64,1,1,3,0,,4.5559,1.99643,0.95214
3,64,1,1,4,1,,,,
3,64,1,1,6,1,,,,
3,64,1,1,8,1,,,,
3,64,1,1,12,1,,,,
3,64,1,1,16,1,,,,
3,64,1,1,24,1,,,,
3,96,1,1,1,0,,3.19391,3.65493,-0.256178
3,96,1,1,2,1,,,,
3,96,1,1,3,0,,4.529,1.93849,0.968989
3,96,1,1,4,1,,,,
3,96,1,1,6,1,,,,
3,96,1,1,8,1,,,,
3,96,1,1,12,1,,,,
3,96,1,1,16,1,,,,
3,96,1,1,24,1,,,,
3,128,1,1,1,0,,3.06893,3.74543,-0.339369
3,128,1,1,2,1,,,,
3,128,1,1,3,0,,4.46102,1.90716,0.9599
3,128,1,1,4,1,,,,
3,128,1,1,6,1,,,,
3,128,1,1,8,1,,,,
3,128,1,1,12,1,,,,
3,128,1,1,16,1,,,,
3,128,1,1,24,1,,,,
3,192,1,1,1,0,,2.95111,3.85942,-0.430664
3,192,1,1,2,1,,,,
3,192,1,1,3,0,,4.31442,1.8148,0.951428
3,192,1,1,4,1,,,,
3,192,1,1,6,1,,,,
3,192,1,1,8,1,,,,
3,192,1,1,12,1,,,,
3,192,1,1,16,1,,,,
3,192,1,1,24,1,,,,
3,256,1,1,1,0,,2.88016,4.02754,-0.530292
3,256,1,1,2,1,,,,
3,256,1,1,3,0,,4.15951,1.80092,0.9049
3,256,1,1,4,1,,,,
3,256,1,1,6,1,,,,
3,256,1,1,8,1,,,,
3,256,1,1,12,1,,,,
3,256,1,1,16,1,,,,
3,256,1,1,24,1,,,,
3,384,1,1,1,0,,2.70768,4.42087,-0.765589
3,384,1,1,2,1,,,,
3,384,1,1,3,0,,3.95747,1.791,0.840541
3,384,1,1,4,1,,,,
3,384,1,1,6,1,,,,
3,384,1,1,8,1,,,,
3,384,1,1,12,1,,,,
3,384,1,1,16,1,,,,
3,384,1,1,24,1,,,,
3,768,1,1,1,1,3.03079e+06,2.28704,5.02323,-1.17924
3,768,1,1,2,1,,,,
3,768,1,1,3,0,,3.57081,1.8178,0.696821
3,768,1,1,4,1,,,,
3,768,1,1,6,1,,,,
3,768,1,1,8,1,,,,
3,768,1,1,12,1,,,,
3,768,1,1,16,1,,,,
3,768,1,1,24,1,,,,
4,1,1,1,1,0,,5.17138,2.10959,1.11097
4,1,1,1,2,0,,4.58895,1.14878,1.34389
4,1,1,1,3,1,,,,
4,1,1,1,4,0,,5.34456,1.66362,1.37013
4,1,1,1,6,1,,,,
4,1,1,1,8,1,,,,
4,1,1,1,12,1,,,,
4,1,1,1,16,1,,,,
4,1,1,1,24,1,,,,
4,2,1,1,1,0,,5.01614,1.98331,1.11478
4,2,1,1,2,0,,5.01817,2.51519,0.876724
4,2,1,1,3,1,,,,
4,2,1,1,4,0,,5.44675,3.40008,0.625488
4,2,1,1,6,1,,,,
4,2,1,1,8,1,,,,
4,2,1,1,12,1,,,,
4,2,1,1,16,1,,,,
4,2,1,1,24,1,,,,
4,3,1,1,1,0,,4.69629,3.39413,0.372567
4,3,1,1,2,0,,4.82546,2.64132,0.754474
4,3,1,1,3,1,,,,
4,3,1,1,4,0,,4.28179,3.52169,0.174141
4,3,1,1,6,1,,,,
4,3,1,1,8,1,,,,
4,3,1,1,12,1,,,,
4,3,1,1,16,1,,,,
4,3,1,1,24,1,,,,
4,4,1,1,1,0,,4.61243,3.50236,0.295423
4,4,1,1,2,0,,4.40256,2.9341,0.479022
4,4,1,1,3,1,,,,
4,4,1,1,4,1,1.63565e+06,3.46759,3.43549,-0.0644696
4,4,1,1,6,1,,,,
4,4,1,1,8,1,,,,
4,4,1,1,12,1,,,,
4,4,1,1,16,1,,,,
4,4,1,1,24,1,,,,
4,6,1,1,1,0,,4.74231,3.77978,0.21513
4,6,1,1,2,0,,4.02715,2.75452,0.431774
4,6,1,1,3,1,,,,
4,6,1,1,4,0,,2.88882,3.05163,-0.0892846
4,6,1,1,6,1,,,,
4,6,1,1,8,1,,,,
4,6,1,1,12,1,,,,
4,6,1,1,16,1,,,,
4,6,1,1,24,1,,,,
4,8,1,1,1,0,,4.8685,3.97255,0.171578
4,8,1,1,2,0,,3.9737,2.3462,0.596857
4,8,1,1,3,1,,,,
4,8,1,1,4,0,,3.02627,2.31924,0.286277
4,8,1,1,6,1,,,,
4,8,1,1,8,1,,,,
4,8,1,1,12,1,,,,
4,8,1,1,16,1,,,,
4,8,1,1,24,1,,,,
4,12,1,1,1,0,,5.08131,4.08132,0.195237
4,12,1,1,2,0,,4.59675,2.13958,0.901798
4,12,1,1,3,1,,,,
4,12,1,1,4,0,,3.78169,1.60982,0.861999
4,12,1,1,6,1,,,,
4,12,1,1,8,1,,,,
4,12,1,1,12,1,,,,
4,12,1,1,16,1,,,,
4,12,1,1,24,1,,,,
4,16,1,1,1,0,,5.15629,4.1985,0.168172
4,16,1,1,2,0,,4.83559,2.14291,0.981651
4,16,1,1,3,1,,,,
4,16,1,1,4,0,,4.48456,1.61733,1.09801
4,16,1,1,6,1,,,,
4,16,1,1,8,1,,,,
4,16,1,1,12,1,,,,
4,16,1,1,16,1,,,,
4,16,1,1,24,1,,,,
4,24,1,1,1,0,,4.96372,4.20874,0.0979909
4,24,1,1,2,0,,5.23859,2.38081,1.01211
4,24,1,1,3,1,,,,
4,24,1,1,4,0,,4.85155,2.0458,1.03068
4,24,1,1,6,1,,,,
4,24,1,1,8,1,,,,
4,24,1,1,12,1,,,,
4,24,1,1,16,1,,,,
4,24,1,1,24,1,,,,
4,32,1,1,1,0,,4.81687,4.1463,0.0760043
4,32,1,1,2,0,,5.51896,2.4561,1.07381
4,32,1,1,3,1,,,,
4,32,1,1,4,0,,4.91497,2.30824,0.93447
4,32,1,1,6,1,,,,
4,32,1,1,8,1,,,,
4,32,1,1,12,1,,,,
4,32,1,1,16,1,,,,
4,32,1,1,24,1,,,,
4,48,1,1,1,0,,4.43202,4.01559,0.00360586
4,48,1,1,2,0,,5.70495,2.1982,1.25292
4,48,1,1,3,1,,,,
4,48,1,1,4,0,,4.984,2.3721,0.929319
4,48,1,1,6,1,,,,
4,48,1,1,8,1,,,,
4,48,1,1,12,1,,,,
4,48,1,1,16,1,,,,
4,48,1,1,24,1,,,,
4,64,1,1,1,0,,4.11021,3.83436,-0.0246479
4,64,1,1,2,0,,5.58011,2.07123,1.26739
4,64,1,1,3,1,,,,
4,64,1,1,4,0,,4.94578,2.3057,0.946103
4,64,1,1,6,1,,,,
4,64,1,1,8,1,,,,
4,64,1,1,12,1,,,,
4,64,1,1,16,1,,,,
4,64,1,1,24,1,,,,
4,96,1,1,1,0,,3.72121,3.62774,-0.0643872
4,96,1,1,2,0,,5.31507,1.98773,1.21461
4,96,1,1,3,1,,,,
4,96,1,1,4,0,,4.9536,2.18101,1.00474
4,96,1,1,6,1,,,,
4,96,1,1,8,1,,,,
4,96,1,1,12,1,,,,
4,96,1,1,16,1,,,,
4,96,1,1,24,1,,,,
4,128,1,1,1,0,,3.39327,3.61557,-0.170616
4,128,1,1,2,0,,5.13163,1.85419,1.21207
4,128,1,1,3,1,,,,
4,128,1,1,4,0,,4.86538,2.01873,1.04753
4,128,1,1,6,1,,,,
4,128,1,1,8,1,,,,
4,128,1,1,12,1,,,,
4,128,1,1,16,1,,,,
4,128,1,1,24,1,,,,
4,192,1,1,1,0,,3.0032,3.59086,-0.292373
4,192,1,1,2,0,,4.7774,1.87961,1.08002
4,192,1,1,3,1,,,,
4,192,1,1,4,0,,4.70472,1.85864,1.06468
4,192,1,1,6,1,,,,
4,192,1,1,8,1,,,,
4,192,1,1,12,1,,,,
4,192,1,1,16,1,,,,
4,192,1,1,24,1,,,,
4,256,1,1,1,0,,2.83523,3.593,-0.350539
4,256,1,1,2,0,,4.48727,1.97742,0.937303
4,256,1,1,3,1,,,,
4,256,1,1,4,0,,4.56086,1.75862,1.06058
4,256,1,1,6,1,,,,
4,256,1,1,8,1,,,,
4,256,1,1,12,1,,,,
4,256,1,1,16,1,,,,
4,256,1,1,24,1,,,,
4,384,1,1,1,0,,2.71162,3.61128,-0.400847
4,384,1,1,2,0,,4.23308,2.12311,0.785332
4,384,1,1,3,1,,,,
4,384,1,1,4,0,,4.4019,1.6329,1.06287
4,384,1,1,6,1,,,,
4,384,1,1,8,1,,,,
4,384,1,1,12,1,,,,
4,384,1,1,16,1,,,,
4,384,1,1,24,1,,,,
4,768,1,1,1,0,,2.64247,3.82188,-0.518929
4,768,1,1,2,0,,3.80366,2.38055,0.523524
4,768,1,1,3,1,,,,
4,768,1,1,4,1,196474,4.23077,1.47126,1.07714
4,768,1,1,6,1,,,,
4,768,1,1,8,1,,,,
4,768,1,1,12,1,,,,
4,768,1,1,16,1,,,,
4,768,1,1,24,1,,,,
6,1,1,1,1,0,,5.6137,2.66178,1.01375
6,1,1,1,2,0,,5.20001,2.31198,1.02987
6,1,1,1,3,0,,5.43863,2.42379,1.06095
6,1,1,1,4,1,,,,
6,1,1,1,6,0,,6.39303,2.75919,1.23545
6,1,1,1,8,1,,,,
6,1,1,1,12,1,,,,
6,1,1,1,16,1,,,,
6,1,1,1,24,1,,,,
6,2,1,1,1,0,,5.33608,1.5869,1.40168
6,2,1,1,2,0,,5.24933,1.96181,1.20385
6,2,1,1,3,0,,6.3026,3.18723,1.01252
6,2,1,1,4,1,,,,
6,2,1,1,6,1,1.3897e+06,6.39674,3.47549,0.915187
6,2,1,1,8,1,,,,
6,2,1,1,12,1,,,,
6,2,1,1,16,1,,,,
6,2,1,1,24,1,,,,
6,3,1,1,1,0,,5.47125,1.66553,1.41242
6,3,1,1,2,0,,5.06575,1.66235,1.27575
6,3,1,1,3,0,,6.03532,2.46394,1.24615
6,3,1,1,4,1,,,,
6,3,1,1,6,0,,5.49296,3.4753,0.607464
6,3,1,1,8,1,,,,
6,3,1,1,12,1,,,,
6,3,1,1,16,1,,,,
6,3,1,1,24,1,,,,
6,4,1,1,1,0,,5.13178,2.4292,0.954016
6,4,1,1,2,0,,4.97613,1.61555,1.26623
6,4,1,1,3,0,,5.19984,2.43307,0.975461
6,4,1,1,4,1,,,,
6,4,1,1,6,0,,4.60044,3.28176,0.390362
6,4,1,1,8,1,,,,
6,4,1,1,12,1,,,,
6,4,1,1,16,1,,,,
6,4,1,1,24,1,,,,
6,6,1,1,1,0,,4.79305,3.39619,0.404596
6,6,1,1,2,0,,4.53729,2.46494,0.735501
6,6,1,1,3,0,,4.22358,2.52187,0.603106
6,6,1,1,4,1,,,,
6,6,1,1,6,0,,3.52215,2.80672,0.236351
6,6,1,1,8,1,,,,
6,6,1,1,12,1,,,,
6,6,1,1,16,1,,,,
6,6,1,1,24,1,,,,
6,8,1,1,1,0,,4.86577,3.8518,0.224853
6,8,1,1,2,0,,4.36384,2.63722,0.599096
6,8,1,1,3,0,,3.84109,2.67173,0.405565
6,8,1,1,4,1,,,,
6,8,1,1,6,0,,2.95418,2.49366,0.183433
6,8,1,1,8,1,,,,
6,8,1,1,12,1,,,,
6,8,1,1,16,1,,,,
6,8,1,1,24,1,,,,
6,12,1,1,1,0,,4.79517,4.12918,0.0763001
6,12,1,1,2,0,,4.0902,2.43127,0.598347
6,12,1,1,3,0,,3.92185,1.97755,0.744673
6,12,1,1,4,1,,,,
6,12,1,1,6,0,,2.66591,2.19994,0.217097
6,12,1,1,8,1,,,,
6,12,1,1,12,1,,,,
6,12,1,1,16,1,,,,
6,12,1,1,24,1,,,,
6,16,1,1,1,0,,4.8788,4.28736,0.0337815
6,16,1,1,2,0,,4.36647,2.33883,0.733934
6,16,1,1,3,0,,4.30138,1.60161,1.04268
6,16,1,1,4,1,,,,
6,16,1,1,6,0,,3.15729,1.66329,0.625341
6,16,1,1,8,1,,,,
6,16,1,1,12,1,,,,
6,16,1,1,16,1,,,,
6,16,1,1,24,1,,,,
6,24,1,1,1,0,,5.03732,4.59795,-0.051647
6,24,1,1,2,0,,4.78511,2.42427,0.838163
6,24,1,1,3,0,,4.95345,1.81199,1.17033
6,24,1,1,4,1,,,,
6,24,1,1,6,1,193604,3.98207,1.45054,1.00174
6,24,1,1,8,1,,,,
6,24,1,1,12,1,,,,
6,24,1,1,16,1,,,,
6,24,1,1,24,1,,,,
6,32,1,1,1,0,,5.01615,4.88356,-0.187059
6,32,1,1,2,0,,4.94186,2.4794,0.866799
6,32,1,1,3,0,,5.17577,2.01165,1.15642
6,32,1,1,4,1,,,,
6,32,1,1,6,0,,4.61832,1.65736,1.1256
6,32,1,1,8,1,,,,
6,32,1,1,12,1,,,,
6,32,1,1,16,1,,,,
6,32,1,1,24,1,,,,
6,48,1,1,1,0,,5.09513,5.01593,-0.219576
6,48,1,1,2,0,,5.21419,2.5794,0.914665
6,48,1,1,3,0,,5.48428,2.31996,1.12311
6,48,1,1,4,1,,,,
6,48,1,1,6,0,,4.94499,2.16605,1.00852
6,48,1,1,8,1,,,,
6,48,1,1,12,1,,,,
6,48,1,1,16,1,,,,
6,48,1,1,24,1,,,,
6,64,1,1,1,0,,5.02172,4.82598,-0.159319
6,64,1,1,2,0,,5.45066,2.54043,1.01269
6,64,1,1,3,0,,5.65795,2.4371,1.12968
6,64,1,1,4,1,,,,
6,64,1,1,6,0,,5.08292,2.51633,0.898263
6,64,1,1,8,1,,,,
6,64,1,1,12,1,,,,
6,64,1,1,16,1,,,,
6,64,1,1,24,1,,,,
6,96,1,1,1,0,,4.76344,4.28533,-0.00459906
6,96,1,1,2,0,,5.66767,2.2576,1.21356
6,96,1,1,3,0,,5.78347,2.35373,1.20984
6,96,1,1,4,1,,,,
6,96,1,1,6,0,,5.03159,2.82187,0.743632
6,96,1,1,8,1,,,,
6,96,1,1,12,1,,,,
6,96,1,1,16,1,,,,
6,96,1,1,24,1,,,,
6,128,1,1,1,0,,4.52513,4.08577,0.00381393
6,128,1,1,2,0,,5.72762,2.0382,1.33245
6,128,1,1,3,0,,5.80391,2.26167,1.25813
6,128,1,1,4,1,,,,
6,128,1,1,6,0,,4.90125,2.66926,0.767747
6,128,1,1,8,1,,,,
6,128,1,1,12,1,,,,
6,128,1,1,16,1,,,,
6,128,1,1,24,1,,,,
6,192,1,1,1,0,,4.11166,3.86024,-0.0357697
6,192,1,1,2,0,,5.70538,1.68316,1.48425
6,192,1,1,3,0,,5.82561,2.1245,1.32709
6,192,1,1,4,1,,,,
6,192,1,1,6,0,,4.8863,2.46899,0.852547
6,192,1,1,8,1,,,,
6,192,1,1,12,1,,,,
6,192,1,1,16,1,,,,
6,192,1,1,24,1,,,,
6,256,1,1,1,0,,3.80847,3.71753,-0.0749742
6,256,1,1,2,0,,5.55973,1.45021,1.53921
6,256,1,1,3,0,,5.72914,2.03919,1.33253
6,256,1,1,4,1,,,,
6,256,1,1,6,0,,4.94185,2.34115,0.928855
6,256,1,1,8,1,,,,
6,256,1,1,12,1,,,,
6,256,1,1,16,1,,,,
6,256,1,1,24,1,,,,
6,384,1,1,1,0,,3.37952,3.64813,-0.189913
6,384,1,1,2,0,,5.26448,1.38506,1.4679
6,384,1,1,3,0,,5.54726,2.00919,1.28405
6,384,1,1,4,1,,,,
6,384,1,1,6,0,,4.95844,2.27331,0.964953
6,384,1,1,8,1,,,,
6,384,1,1,12,1,,,,
6,384,1,1,16,1,,,,
6,384,1,1,24,1,,,,
6,768,1,1,1,0,,2.64273,3.6786,-0.454526
6,768,1,1,2,0,,4.65194,1.91224,1.02264
6,768,1,1,3,0,,5.09846,2.22302,1.03522
6,768,1,1,4,1,,,,
6,768,1,1,6,1,,,,
6,768,1,1,8,1,,,,
6,768,1,1,12,1,,,,
6,768,1,1,16,1,,,,
6,768,1,1,24,1,,,,
8,1,1,1,1,0,,6.09089,3.16662,0.949661
8,1,1,1,2,0,,5.58472,3.44696,0.651435
8,1,1,1,3,1,,,,
8,1,1,1,4,0,,6.11299,3.49037,0.811868
8,1,1,1,6,1,,,,
8,1,1,1,8,0,,7.15008,3.77165,1.03882
8,1,1,1,12,1,,,,
8,1,1,1,16,1,,,,
8,1,1,1,24,1,,,,
8,2,1,1,1,0,,5.51494,1.84745,1.34564
8,2,1,1,2,0,,5.65436,2.75177,0.987208
8,2,1,1,3,1,,,,
8,2,1,1,4,0,,6.99226,3.97754,0.892653
8,2,1,1,6,1,,,,
8,2,1,1,8,0,,7.07016,3.84694,0.977804
8,2,1,1,12,1,,,,
8,2,1,1,16,1,,,,
8,2,1,1,24,1,,,,
8,3,1,1,1,0,,5.5987,1.46332,1.5466
8,3,1,1,2,0,,5.305,2.10091,1.16037
8,3,1,1,3,1,,,,
8,3,1,1,4,0,,6.87721,3.34091,1.13924
8,3,1,1,6,1,,,,
8,3,1,1,8,0,,6.24833,4.03871,0.611827
8,3,1,1,12,1,,,,
8,3,1,1,16,1,,,,
8,3,1,1,24,1,,,,
8,4,1,1,1,0,,5.52974,1.21928,1.63266
8,4,1,1,2,0,,5.20105,1.50864,1.39082
8,4,1,1,3,1,,,,
8,4,1,1,4,0,,5.9767,2.6523,1.14163
8,4,1,1,6,1,,,,
8,4,1,1,8,0,,5.4878,3.70367,0.503197
8,4,1,1,12,1,,,,
8,4,1,1,16,1,,,,
8,4,1,1,24,1,,,,
8,6,1,1,1,0,,5.12051,2.28739,1.01383
8,6,1,1,2,0,,5.05646,1.44881,1.36843
8,6,1,1,3,1,,,,
8,6,1,1,4,0,,4.9543,2.25689,0.970918
8,6,1,1,6,1,,,,
8,6,1,1,8,0,,4.18887,3.10586,0.329149
8,6,1,1,12,1,,,,
8,6,1,1,16,1,,,,
8,6,1,1,24,1,,,,
8,8,1,1,1,0,,4.90114,3.24506,0.509251
8,8,1,1,2,0,,4.74889,2.0573,0.990547
8,8,1,1,3,1,,,,
8,8,1,1,4,0,,4.37779,2.23552,0.78416
8,8,1,1,6,1,,,,
8,8,1,1,8,0,,3.57415,2.46654,0.40676
8,8,1,1,12,1,,,,
8,8,1,1,16,1,,,,
8,8,1,1,24,1,,,,
8,12,1,1,1,0,,4.88727,4.09105,0.124782
8,12,1,1,2,0,,4.64703,2.44342,0.782539
8,12,1,1,3,1,,,,
8,12,1,1,4,0,,3.95458,2.23959,0.638198
8,12,1,1,6,1,,,,
8,12,1,1,8,0,,2.86271,2.02267,0.363696
8,12,1,1,12,1,,,,
8,12,1,1,16,1,,,,
8,12,1,1,24,1,,,,
8,16,1,1,1,0,,4.82682,4.35496,-0.0142677
8,16,1,1,2,0,,4.47534,2.52683,0.686625
8,16,1,1,3,1,,,,
8,16,1,1,4,0,,4.0138,1.87603,0.821554
8,16,1,1,6,1,,,,
8,16,1,1,8,0,,2.58945,2.04249,0.261733
8,16,1,1,12,1,,,,
8,16,1,1,16,1,,,,
8,16,1,1,24,1,,,,
8,24,1,1,1,0,,4.78088,4.59753,-0.1388
8,24,1,1,2,0,,4.63389,2.6279,0.695254
8,24,1,1,3,1,,,,
8,24,1,1,4,0,,4.3572,1.3664,1.16727
8,24,1,1,6,1,,,,
8,24,1,1,8,0,,3.15198,1.38047,0.750485
8,24,1,1,12,1,,,,
8,24,1,1,16,1,,,,
8,24,1,1,24,1,,,,
8,32,1,1,1,0,,5.0001,4.72029,-0.119237
8,32,1,1,2,0,,4.88555,2.77473,0.715057
8,32,1,1,3,1,,,,
8,32,1,1,4,0,,4.75698,1.4455,1.26792
8,32,1,1,6,1,,,,
8,32,1,1,8,0,,3.68519,1.23397,0.99784
8,32,1,1,12,1,,,,
8,32,1,1,16,1,,,,
8,32,1,1,24,1,,,,
8,48,1,1,1,0,,4.94276,5.27304,-0.38688
8,48,1,1,2,0,,5.03257,2.88926,0.713716
8,48,1,1,3,1,,,,
8,48,1,1,4,0,,5.19417,1.78135,1.26607
8,48,1,1,6,1,,,,
8,48,1,1,8,0,,4.47296,1.63012,1.08832
8,48,1,1,12,1,,,,
8,48,1,1,16,1,,,,
8,48,1,1,24,1,,,,
8,64,1,1,1,0,,4.97947,5.41523,-0.438206
8,64,1,1,2,0,,5.17271,2.95382,0.732469
8,64,1,1,3,1,,,,
8,64,1,1,4,0,,5.3301,2.21419,1.11807
8,64,1,1,6,1,,,,
8,64,1,1,8,0,,4.87388,2.18469,0.975934
8,64,1,1,12,1,,,,
8,64,1,1,16,1,,,,
8,64,1,1,24,1,,,,
8,96,1,1,1,0,,4.92016,5.35869,-0.433026
8,96,1,1,2,0,,5.42334,2.8821,0.850022
8,96,1,1,3,1,,,,
8,96,1,1,4,0,,5.48767,2.47178,1.05611
8,96,1,1,6,1,,,,
8,96,1,1,8,1,64372,5.06278,2.64566,0.833354
8,96,1,1,12,1,,,,
8,96,1,1,16,1,,,,
8,96,1,1,24,1,,,,
8,128,1,1,1,0,,4.82789,5.04478,-0.323546
8,128,1,1,2,0,,5.52912,2.78115,0.931361
8,128,1,1,3,1,,,,
8,128,1,1,4,0,,5.59493,2.56344,1.0515
8,128,1,1,6,1,,,,
8,128,1,1,8,0,,5.19408,2.96852,0.733149
8,128,1,1,12,1,,,,
8,128,1,1,16,1,,,,
8,128,1,1,24,1,,,,
8,192,1,1,1,0,,4.69115,4.44054,-0.0988882
8,192,1,1,2,0,,5.62358,2.30825,1.17581
8,192,1,1,3,1,,,,
8,192,1,1,4,0,,5.72722,2.4088,1.16597
8,192,1,1,6,1,,,,
8,192,1,1,8,1,56620,5.05288,3.14143,0.607443
8,192,1,1,12,1,,,,
8,192,1,1,16,1,,,,
8,192,1,1,24,1,,,,
8,256,1,1,1,0,,4.57608,4.08813,0.0201078
8,256,1,1,2,0,,5.59843,1.96707,1.32039
8,256,1,1,3,1,,,,
8,256,1,1,4,0,,5.74869,2.29069,1.2263
8,256,1,1,6,1,,,,
8,256,1,1,8,1,,,,
8,256,1,1,12,1,,,,
8,256,1,1,16,1,,,,
8,256,1,1,24,1,,,,
8,384,1,1,1,0,,4.20857,3.92405,-0.0314053
8,384,1,1,2,0,,5.57205,1.63092,1.46229
8,384,1,1,3,1,,,,
8,384,1,1,4,0,,5.76844,2.1173,1.31086
8,384,1,1,6,1,,,,
8,384,1,1,8,1,,,,
8,384,1,1,12,1,,,,
8,384,1,1,16,1,,,,
8,384,1,1,24,1,,,,
8,768,1,1,1,0,,3.54029,3.83192,-0.217659
8,768,1,1,2,0,,5.3027,1.4983,1.43009
8,768,1,1,3,1,,,,
8,768,1,1,4,1,,,,
8,768,1,1,6,1,,,,
8,768,1,1,8,1,,,,
8,768,1,1,12,1,,,,
8,768,1,1,16,1,,,,
8,768,1,1,24,1,,,,
12,1,1,1,1,0,,6.68077,3.99933,0.776784
12,1,1,1,2,1,4.8242e+06,6.25164,4.91756,0.218462
12,1,1,1,3,0,,6.26696,5.26456,0.0679217
12,1,1,1,4,0,,6.5565,5.11889,0.23192
12,1,1,1,6,0,,7.1925,4.8646,0.562674
12,1,1,1,8,1,,,,
12,1,1,1,12,0,,8.14918,5.35188,0.669774
12,1,1,1,16,1,,,,
12,1,1,1,24,1,,,,
12,2,1,1,1,0,,5.89615,2.82918,1.0348
12,2,1,1,2,0,,6.20541,4.33603,0.463749
12,2,1,1,3,0,,7.16437,4.62779,0.659389
12,2,1,1,4,0,,7.49001,4.9497,0.625799
12,2,1,1,6,0,,8.03386,5.00903,0.78439
12,2,1,1,8,1,,,,
12,2,1,1,12,0,,8.06355,5.14534,0.733318
12,2,1,1,16,1,,,,
12,2,1,1,24,1,,,,
12,3,1,1,1,0,,5.91117,1.9977,1.41315
12,3,1,1,2,0,,6.01469,3.73882,0.666865
12,3,1,1,3,0,,7.017,3.9723,0.903429
12,3,1,1,4,0,,7.69555,4.32808,0.974827
12,3,1,1,6,0,,8.10549,5.03355,0.797782
12,3,1,1,8,1,,,,
12,3,1,1,12,0,,7.25481,5.08141,0.486577
12,3,1,1,16,1,,,,
12,3,1,1,24,1,,,,
12,4,1,1,1,0,,5.85353,1.39997,1.66183
12,4,1,1,2,0,,5.82979,2.87231,0.992844
12,4,1,1,3,0,,6.69931,3.36386,1.06834
12,4,1,1,4,0,,7.26769,3.65296,1.13216
12,4,1,1,6,0,,7.21599,4.27462,0.835499
12,4,1,1,8,1,,,,
12,4,1,1,12,0,,6.56858,5.07493,0.255765
12,4,1,1,16,1,,,,
12,4,1,1,24,1,,,,
12,6,1,1,1,0,,5.5841,0.797792,1.84036
12,6,1,1,2,0,,5.8894,1.42273,1.66383
12,6,1,1,3,0,,6.06903,2.5853,1.20315
12,6,1,1,4,0,,6.24754,2.76467,1.18344
12,6,1,1,6,0,,6.02609,3.16384,0.92884
12,6,1,1,8,1,,,,
12,6,1,1,12,0,,5.38865,4.32123,0.192221
12,6,1,1,16,1,,,,
12,6,1,1,24,1,,,,
12,8,1,1,1,1,4.12589e+06,5.51549,1.28735,1.59725
12,8,1,1,2,0,,5.68658,0.841322,1.85572
12,8,1,1,3,0,,5.51365,1.95957,1.29487
12,8,1,1,4,0,,5.53874,2.38057,1.11445
12,8,1,1,6,0,,5.37598,2.53387,0.990203
12,8,1,1,8,1,,,,
12,8,1,1,12,0,,4.51206,3.74565,0.152037
12,8,1,1,16,1,,,,
12,8,1,1,24,1,,,,
12,12,1,1,1,0,,5.3471,2.88716,0.821785
12,12,1,1,2,0,,5.16945,1.63811,1.32194
12,12,1,1,3,0,,5.0648,1.70157,1.25782
12,12,1,1,4,0,,4.88863,2.01042,1.05918
12,12,1,1,6,0,,4.60673,2.24498,0.857886
12,12,1,1,8,1,,,,
12,12,1,1,12,0,,3.67693,2.65772,0.35595
12,12,1,1,16,1,,,,
12,12,1,1,24,1,,,,
12,16,1,1,1,0,,5.05594,3.8279,0.30035
12,16,1,1,2,0,,5.0553,2.15579,1.05069
12,16,1,1,3,0,,4.77773,1.8223,1.10585
12,16,1,1,4,0,,4.67834,1.96779,1.0067
12,16,1,1,6,0,,4.4016,1.9157,0.935832
12,16,1,1,8,1,,,,
12,16,1,1,12,0,,3.35987,2.00443,0.541207
12,16,1,1,16,1,,,,
12,16,1,1,24,1,,,,
12,24,1,1,1,0,,4.85891,4.80635,-0.205956
12,24,1,1,2,0,,5.01556,2.47456,0.894074
12,24,1,1,3,0,,4.3706,1.69311,1.02518
12,24,1,1,4,0,,4.42467,1.48358,1.13765
12,24,1,1,6,0,,4.20175,1.49928,1.05468
12,24,1,1,8,1,,,,
12,24,1,1,12,0,,2.90845,1.66089,0.541671
12,24,1,1,16,1,,,,
12,24,1,1,24,1,,,,
12,32,1,1,1,0,,4.72649,5.13479,-0.398484
12,32,1,1,2,0,,4.98856,2.76266,0.755557
12,32,1,1,3,0,,4.38393,1.68406,1.03379
12,32,1,1,4,0,,4.38858,1.27726,1.21797
12,32,1,1,6,0,,4.26564,0.977024,1.31087
12,32,1,1,8,1,,,,
12,32,1,1,12,0,,2.87996,1.28604,0.700222
12,32,1,1,16,1,,,,
12,32,1,1,24,1,,,,
12,48,1,1,1,0,,4.79676,5.16836,-0.389615
12,48,1,1,2,0,,5.11263,3.23236,0.586975
12,48,1,1,3,0,,4.8181,1.90791,1.08118
12,48,1,1,4,0,,4.70393,1.4149,1.26359
12,48,1,1,6,0,,4.48545,1.14207,1.31165
12,48,1,1,8,1,,,,
12,48,1,1,12,0,,3.43966,0.950996,1.04124
12,48,1,1,16,1,,,,
12,48,1,1,24,1,,,,
12,64,1,1,1,0,,4.94082,5.4447,-0.464597
12,64,1,1,2,0,,5.17193,3.2014,0.621072
12,64,1,1,3,0,,5.1291,2.17635,1.0666
12,64,1,1,4,0,,4.99564,1.64403,1.26009
12,64,1,1,6,0,,4.83207,1.56942,1.23787
12,64,1,1,8,1,,,,
12,64,1,1,12,0,,3.90806,1.01856,1.17044
12,64,1,1,16,1,,,,
12,64,1,1,24,1,,,,
12,96,1,1,1,0,,4.8939,5.95467,-0.709484
12,96,1,1,2,0,,5.20975,3.38522,0.551441
12,96,1,1,3,0,,5.2934,2.46351,0.99366
12,96,1,1,4,0,,5.41292,2.14392,1.17782
12,96,1,1,6,0,,5.19928,2.10635,1.12192
12,96,1,1,8,1,,,,
12,96,1,1,12,1,30196,4.54903,1.75143,1.05977
12,96,1,1,16,1,,,,
12,96,1,1,24,1,,,,
12,128,1,1,1,0,,4.92238,6.0258,-0.731715
12,128,1,1,2,0,,5.3011,3.47518,0.542173
12,128,1,1,3,0,,5.50377,2.46327,1.06542
12,128,1,1,4,0,,5.52933,2.3507,1.12465
12,128,1,1,6,0,,5.34516,2.47054,1.00813
12,128,1,1,8,1,,,,
12,128,1,1,12,1,,,,
12,128,1,1,16,1,,,,
12,128,1,1,24,1,,,,
12,192,1,1,1,0,,4.80987,5.84828,-0.690354
12,192,1,1,2,0,,5.47867,3.47724,0.601722
12,192,1,1,3,0,,5.8496,2.53433,1.1513
12,192,1,1,4,0,,5.74096,2.28615,1.2257
12,192,1,1,6,0,,5.42577,2.96281,0.814623
12,192,1,1,8,1,,,,
12,192,1,1,12,1,,,,
12,192,1,1,16,1,,,,
12,192,1,1,24,1,,,,
12,256,1,1,1,1,3.02306e+06,4.68438,5.65109,-0.644577
12,256,1,1,2,0,,5.42321,3.4545,0.593045
12,256,1,1,3,0,,6.01737,2.49551,1.22587
12,256,1,1,4,0,,5.9096,2.19684,1.32323
12,256,1,1,6,1,,,,
12,256,1,1,8,1,,,,
12,256,1,1,12,1,,,,
12,256,1,1,16,1,,,,
12,256,1,1,24,1,,,,
12,384,1,1,1,1,,4.56801,5.19229,-0.478266
12,384,1,1,2,0,,5.43815,3.11695,0.749647
12,384,1,1,3,0,,6.16818,2.23417,1.39453
12,384,1,1,4,1,,,,
12,384,1,1,6,1,,,,
12,384,1,1,8,1,,,,
12,384,1,1,12,1,,,,
12,384,1,1,16,1,,,,
12,384,1,1,24,1,,,,
12,768,1,1,1,1,,4.3754,4.35161,-0.16651
12,768,1,1,2,1,,,,
12,768,1,1,3,1,,,,
12,768,1,1,4,1,,,,
12,768,1,1,6,1,,,,
12,768,1,1,8,1,,,,
12,768,1,1,12,1,,,,
12,768,1,1,16,1,,,,
12,768,1,1,24,1,,,,
16,1,1,1,1,0,,7.0767,4.7025,0.595996
16,1,1,1,2,0,,6.66537,5.52516,0.0866358
16,1,1,1,3,1,,,,
16,1,1,1,4,0,,6.87289,6.35339,-0.214458
16,1,1,1,6,1,,,,
16,1,1,1,8,0,,7.90371,5.8738,0.351894
16,1,1,1,12,1,,,,
16,1,1,1,16,0,,8.92198,6.47753,0.427698
16,1,1,1,24,1,,,,
16,2,1,1,1,0,,6.3018,3.66463,0.797954
16,2,1,1,2,0,,6.6705,5.49595,0.101495
16,2,1,1,3,1,,,,
16,2,1,1,4,0,,7.89819,5.69558,0.430012
16,2,1,1,6,1,,,,
16,2,1,1,8,0,,8.77474,5.94599,0.616145
16,2,1,1,12,1,,,,
16,2,1,1,16,0,,8.7271,6.3265,0.429118
16,2,1,1,24,1,,,,
16,3,1,1,1,0,,6.25558,2.73256,1.20059
16,3,1,1,2,0,,6.569,4.78166,0.387552
16,3,1,1,3,1,,,,
16,3,1,1,4,0,,8.21087,5.63194,0.565071
16,3,1,1,6,1,,,,
16,3,1,1,8,0,,8.85699,5.88926,0.669623
16,3,1,1,12,1,,,,
16,3,1,1,16,0,,8.07689,5.97238,0.366626
16,3,1,1,24,1,,,,
16,4,1,1,1,0,,6.07699,2.14654,1.40281
16,4,1,1,2,0,,6.39639,4.13261,0.620104
16,4,1,1,3,1,,,,
16,4,1,1,4,0,,7.96847,4.69047,0.905118
16,4,1,1,6,1,,,,
16,4,1,1,8,0,,8.15797,5.78097,0.480159
16,4,1,1,12,1,,,,
16,4,1,1,16,0,,7.29925,5.98874,0.0944354
16,4,1,1,24,1,,,,
16,6,1,1,1,0,,5.99254,1.21037,1.79427
16,6,1,1,2,0,,6.34794,2.81356,1.19569
16,6,1,1,3,1,,,,
16,6,1,1,4,0,,7.1166,3.69489,1.06187
16,6,1,1,6,1,,,,
16,6,1,1,8,0,,6.8594,4.61551,0.561035
16,6,1,1,12,1,,,,
16,6,1,1,16,0,,6.29212,5.61655,-0.0815085
16,6,1,1,24,1,,,,
16,8,1,1,1,0,,5.80528,0.744991,1.93939
16,8,1,1,2,1,1.16208e+06,6.3615,1.4771,1.8002
16,8,1,1,3,1,,,,
16,8,1,1,4,0,,6.44088,3.07888,1.10825
16,8,1,1,6,1,,,,
16,8,1,1,8,0,,6.13206,3.79447,0.681857
16,8,1,1,12,1,,,,
16,8,1,1,16,0,,5.29355,4.94752,-0.121292
16,8,1,1,24,1,,,,
16,12,1,1,1,0,,5.89142,1.44773,1.65329
16,12,1,1,2,0,,5.9019,0.696319,1.99415
16,12,1,1,3,1,,,,
16,12,1,1,4,0,,5.74477,2.19823,1.26646
16,12,1,1,6,1,,,,
16,12,1,1,8,0,,5.26805,2.88823,0.794383
16,12,1,1,12,1,,,,
16,12,1,1,16,0,,4.23367,4.06491,-0.0860872
16,12,1,1,24,1,,,,
16,16,1,1,1,0,,5.62045,2.78738,0.959669
16,16,1,1,2,0,,5.48043,1.4364,1.5184
16,16,1,1,3,1,,,,
16,16,1,1,4,0,,5.40678,1.88445,1.2922
16,16,1,1,6,1,,,,
16,16,1,1,8,0,,4.7764,2.48666,0.807186
16,16,1,1,12,1,,,,
16,16,1,1,16,0,,3.797,3.16565,0.168845
16,16,1,1,24,1,,,,
16,24,1,1,1,0,,5.06371,4.17827,0.145723
16,24,1,1,2,0,,5.31626,2.22045,1.11055
16,24,1,1,3,1,,,,
16,24,1,1,4,0,,4.98013,1.54126,1.30094
16,24,1,1,6,1,,,,
16,24,1,1,8,0,,4.46102,1.85133,0.98496
16,24,1,1,12,1,,,,
16,24,1,1,16,0,,3.38663,2.27025,0.431
16,24,1,1,24,1,,,,
16,32,1,1,1,0,,4.92019,4.87194,-0.214523
16,32,1,1,2,0,,5.33446,2.45975,1.00933
16,32,1,1,3,1,,,,
16,32,1,1,4,0,,4.68395,1.31869,1.29997
16,32,1,1,6,1,,,,
16,32,1,1,8,0,,4.29256,1.42156,1.1205
16,32,1,1,12,1,,,,
16,32,1,1,16,0,,3.14908,1.83757,0.544315
16,32,1,1,24,1,,,,
16,48,1,1,1,0,,4.66473,5.62905,-0.641375
16,48,1,1,2,0,,5.21531,3.09583,0.683234
16,48,1,1,3,1,,,,
16,48,1,1,4,0,,4.57053,1.2982,1.27054
16,48,1,1,6,1,,,,
16,48,1,1,8,0,,4.47105,0.577884,1.55999
16,48,1,1,12,1,,,,
16,48,1,1,16,1,22276,3.04476,1.05836,0.858551
16,48,1,1,24,1,,,,
16,64,1,1,1,0,,4.68276,5.65765,-0.648075
16,64,1,1,2,0,,5.25724,3.45426,0.536624
16,64,1,1,3,1,,,,
16,64,1,1,4,0,,4.73194,1.47422,1.2465
16,64,1,1,6,1,,,,
16,64,1,1,8,0,,4.42583,0.740729,1.47149
16,64,1,1,12,1,,,,
16,64,1,1,16,1,,,,
16,64,1,1,24,1,,,,
16,96,1,1,1,0,,4.82753,6.03068,-0.766214
16,96,1,1,2,0,,5.23677,3.49687,0.510529
16,96,1,1,3,1,,,,
16,96,1,1,4,0,,5.17401,1.94274,1.18676
16,96,1,1,6,1,,,,
16,96,1,1,8,0,,4.77217,1.79139,1.11784
16,96,1,1,12,1,,,,
16,96,1,1,16,1,,,,
16,96,1,1,24,1,,,,
16,128,1,1,1,0,,4.79196,6.35486,-0.923842
16,128,1,1,2,0,,5.23794,3.67032,0.433067
16,128,1,1,3,1,,,,
16,128,1,1,4,0,,5.43402,2.2869,1.12083
16,128,1,1,6,1,,,,
16,128,1,1,8,1,,,,
16,128,1,1,12,1,,,,
16,128,1,1,16,1,,,,
16,128,1,1,24,1,,,,
16,192,1,1,1,0,,4.81439,6.48914,-0.976479
16,192,1,1,2,0,,5.34084,3.8536,0.385846
16,192,1,1,3,1,,,,
16,192,1,1,4,1,196396,5.63889,2.37031,1.15316
16,192,1,1,6,1,,,,
16,192,1,1,8,1,,,,
16,192,1,1,12,1,,,,
16,192,1,1,16,1,,,,
16,192,1,1,24,1,,,,
16,256,1,1,1,1,3.01725e+06,4.78401,6.36467,-0.930951
16,256,1,1,2,0,,5.48279,3.84418,0.438419
16,256,1,1,3,1,,,,
16,256,1,1,4,1,,,,
16,256,1,1,6,1,,,,
16,256,1,1,8,1,,,,
16,256,1,1,12,1,,,,
16,256,1,1,16,1,,,,
16,256,1,1,24,1,,,,
16,384,1,1,1,1,,4.61366,6.15708,-0.895788
16,384,1,1,2,0,,5.40084,3.86957,0.399111
16,384,1,1,3,1,,,,
16,384,1,1,4,1,,,,
16,384,1,1,6,1,,,,
16,384,1,1,8,1,,,,
16,384,1,1,12,1,,,,
16,384,1,1,16,1,,,,
16,384,1,1,24,1,,,,
16,768,1,1,1,0,,4.44422,5.45997,-0.640581
16,768,1,1,2,1,,,,
16,768,1,1,3,1,,,,
16,768,1,1,4,1,,,,
16,768,1,1,6,1,,,,
16,768,1,1,8,1,,,,
16,768,1,1,12,1,,,,
16,768,1,1,16,1,,,,
16,768,1,1,24,1,,,,
24,1,1,1,1,0,,7.56276,5.78715,0.274665
24,1,1,1,2,0,,7.30245,6.55843,-0.160194
24,1,1,1,3,0,,7.45796,7.90544,-0.711865
24,1,1,1,4,0,,7.41229,8.13089,-0.82862
24,1,1,1,6,0,,8.02828,7.78062,-0.461599
24,1,1,1,8,0,,8.47792,7.56259,-0.210593
24,1,1,1,12,0,,9.03931,7.55654,-0.0166797
24,1,1,1,16,1,,,,
24,1,1,1,24,1,192420,10.0531,8.09701,0.0859985
24,2,1,1,1,0,,6.88491,4.99405,0.399805
24,2,1,1,2,0,,7.24787,6.62409,-0.208258
24,2,1,1,3,0,,7.83942,7.0032,-0.176957
24,2,1,1,4,0,,8.3928,7.16004,-0.0588869
24,2,1,1,6,0,,8.90174,7.16837,0.110707
24,2,1,1,8,0,,9.29,7.22277,0.218523
24,2,1,1,12,0,,9.84495,7.20671,0.414736
24,2,1,1,16,1,,,,
24,2,1,1,24,0,,9.61692,8.09117,-0.0599352
24,3,1,1,1,0,,6.88155,3.89062,0.893965
24,3,1,1,2,0,,7.25078,6.37909,-0.0972901
24,3,1,1,3,0,,8.0066,6.98982,-0.114015
24,3,1,1,4,0,,8.83786,7.01459,0.15798
24,3,1,1,6,0,,9.32093,7.38321,0.157041
24,3,1,1,8,0,,9.6537,7.26794,0.322116
24,3,1,1,12,0,,9.79073,7.267,0.369207
24,3,1,1,16,1,,,,
24,3,1,1,24,0,,9.10382,7.71818,-0.0672637
24,4,1,1,1,0,,6.63615,3.46603,1.00097
24,4,1,1,2,0,,7.11319,5.70146,0.160021
24,4,1,1,3,0,,7.81091,6.57745,0.00444108
24,4,1,1,4,0,,8.5791,6.78574,0.172575
24,4,1,1,6,0,,9.40778,7.06666,0.328709
24,4,1,1,8,0,,9.33981,7.12792,0.278062
24,4,1,1,12,0,,9.27343,7.13565,0.25198
24,4,1,1,16,1,,,,
24,4,1,1,24,0,,8.44117,7.53421,-0.210369
24,6,1,1,1,0,,6.60296,2.40569,1.46562
24,6,1,1,2,0,,7.06283,4.49041,0.686472
24,6,1,1,3,0,,7.7311,5.43835,0.488572
24,6,1,1,4,0,,8.14997,5.5878,0.564145
24,6,1,1,6,0,,8.5783,5.73986,0.641767
24,6,1,1,8,0,,8.34207,6.15471,0.375098
24,6,1,1,12,0,,8.11524,6.87352,-0.0248116
24,6,1,1,16,1,,,,
24,6,1,1,24,0,,7.21752,7.30404,-0.523803
24,8,1,1,1,0,,6.41766,1.73863,1.70194
24,8,1,1,2,0,,7.07341,3.54086,1.1163
24,8,1,1,3,0,,7.50304,4.32788,0.909354
24,8,1,1,4,0,,7.6339,4.61727,0.824026
24,8,1,1,6,0,,7.9087,4.93413,0.775385
24,8,1,1,8,0,,7.61418,5.34247,0.491785
24,8,1,1,12,0,,7.19677,6.0288,0.0415477
24,8,1,1,16,1,,,,
24,8,1,1,24,0,,6.5181,7.04171,-0.644258
24,12,1,1,1,0,,6.30543,0.854785,2.06045
24,12,1,1,2,0,,6.9972,1.81516,1.86497
24,12,1,1,3,0,,6.75805,2.76939,1.35519
24,12,1,1,4,0,,6.99385,3.29779,1.19831
24,12,1,1,6,0,,6.90806,3.87809,0.908613
24,12,1,1,8,0,,6.73371,4.31597,0.652682
24,12,1,1,12,0,,6.269,4.84575,0.256607
24,12,1,1,16,1,,,,
24,12,1,1,24,0,,5.35584,6.10411,-0.619237
24,16,1,1,1,0,,6.35807,1.08821,1.9736
24,16,1,1,2,0,,6.53504,0.903301,2.11688
24,16,1,1,3,0,,6.39241,1.62913,1.74249
24,16,1,1,4,0,,6.51463,2.31692,1.47539
24,16,1,1,6,0,,6.30449,3.19681,1.00886
24,16,1,1,8,0,,6.13938,3.69565,0.728711
24,16,1,1,12,0,,5.71793,4.10886,0.399692
24,16,1,1,16,1,,,,
24,16,1,1,24,0,,4.53519,5.4537,-0.606787
24,24,1,1,1,0,,5.93325,2.79455,1.06298
24,24,1,1,2,0,,5.94016,1.40276,1.69008
24,24,1,1,3,0,,5.93619,0.947621,1.89302
24,24,1,1,4,0,,5.8688,1.51698,1.6145
24,24,1,1,6,0,,5.72803,2.40969,1.16584
24,24,1,1,8,0,,5.51372,2.83629,0.901368
24,24,1,1,12,0,,4.97042,3.42596,0.451642
24,24,1,1,16,1,,,,
24,24,1,1,24,1,15332,4.00505,4.15747,-0.2055
24,32,1,1,1,0,,5.476,3.80862,0.452065
24,32,1,1,2,0,,5.59166,2.15992,1.23151
24,32,1,1,3,0,,5.52895,1.32918,1.58305
24,32,1,1,4,0,,5.53311,1.36197,1.56975
24,32,1,1,6,0,,5.54627,1.97625,1.2985
24,32,1,1,8,0,,5.25673,2.35758,1.02872
24,32,1,1,12,0,,4.73031,2.80969,0.646493
24,32,1,1,16,1,,,,
24,32,1,1,24,1,,,,
24,48,1,1,1,0,,4.95655,4.94035,-0.232851
24,48,1,1,2,0,,5.65802,2.58029,1.06542
24,48,1,1,3,0,,5.29048,1.5998,1.38036
24,48,1,1,4,0,,5.19256,1.28056,1.49031
24,48,1,1,6,0,,5.28309,1.23127,1.54327
24,48,1,1,8,0,,5.12583,1.59711,1.32549
24,48,1,1,12,0,,4.52566,2.05596,0.915125
24,48,1,1,16,1,,,,
24,48,1,1,24,1,,,,
24,64,1,1,1,0,,4.6786,5.52727,-0.590967
24,64,1,1,2,0,,5.46905,2.93168,0.843335
24,64,1,1,3,0,,5.17094,1.86335,1.22135
24,64,1,1,4,0,,4.9535,1.22738,1.43276
24,64,1,1,6,0,,5.0989,0.901188,1.6287
24,64,1,1,8,0,,5.04705,0.915213,1.60475
24,64,1,1,12,1,,,,
24,64,1,1,16,1,,,,
24,64,1,1,24,1,,,,
24,96,1,1,1,0,,4.61917,6.25339,-0.937143
24,96,1,1,2,0,,5.41404,3.7051,0.477432
24,96,1,1,3,0,,5.34973,2.51748,0.988619
24,96,1,1,4,0,,5.02444,1.70827,1.24106
24,96,1,1,6,0,,5.10362,1.26497,1.46702
24,96,1,1,8,1,,,,
24,96,1,1,12,1,,,,
24,96,1,1,16,1,,,,
24,96,1,1,24,1,,,,
24,128,1,1,1,0,,4.70324,6.31583,-0.936537
24,128,1,1,2,0,,5.27938,3.80176,0.388183
24,128,1,1,3,0,,5.4631,3.0048,0.808485
24,128,1,1,4,0,,5.27691,2.19775,1.10734
24,128,1,1,6,1,,,,
24,128,1,1,8,1,,,,
24,128,1,1,12,1,,,,
24,128,1,1,16,1,,,,
24,128,1,1,24,1,,,,
24,192,1,1,1,0,,4.69756,6.92591,-1.21232
24,192,1,1,2,0,,5.21467,3.95865,0.295718
24,192,1,1,3,0,,5.4448,3.09362,0.762388
24,192,1,1,4,1,,,,
24,192,1,1,6,1,,,,
24,192,1,1,8,1,,,,
24,192,1,1,12,1,,,,
24,192,1,1,16,1,,,,
24,192,1,1,24,1,,,,
24,256,1,1,1,1,,4.7076,7.14981,-1.3094
24,256,1,1,2,0,,5.16298,4.251,0.146889
24,256,1,1,3,1,,,,
24,256,1,1,4,1,,,,
24,256,1,1,6,1,,,,
24,256,1,1,8,1,,,,
24,256,1,1,12,1,,,,
24,256,1,1,16,1,,,,
24,256,1,1,24,1,,,,
24,384,1,1,1,1,,4.66595,7.16215,-1.32913
24,384,1,1,2,1,,,,
24,384,1,1,3,1,,,,
24,384,1,1,4,1,,,,
24,384,1,1,6,1,,,,
24,384,1,1,8,1,,,,
24,384,1,1,12,1,,,,
24,384,1,1,16,1,,,,
24,384,1,1,24,1,,,,
24,768,1,1,1,1,,,,
24,768,1,1,2,1,,,,
24,768,1,1,3,1,,,,
24,768,1,1,4,1,,,,
24,768,1,1,6,1,,,,
24,768,1,1,8,1,,,,
24,768,1,1,12,1,,,,
24,768,1,1,16,1,,,,
24,768,1,1,24,1,,,,
32,1,1,1,1,0,,7.93021,6.514,0.0735504
32,1,1,1,2,0,,7.78319,7.28042,-0.320546
32,1,1,1,3,1,,,,
32,1,1,1,4,0,,8.06677,9.37656,-1.16486
32,1,1,1,6,1,,,,
32,1,1,1,8,0,,8.92478,8.78849,-0.608675
32,1,1,1,12,1,,,,
32,1,1,1,16,0,,9.97906,8.84316,-0.274148
32,1,1,1,24,1,,,,
32,2,1,1,1,0,,7.34878,5.89175,0.154837
32,2,1,1,2,0,,7.63098,7.43984,-0.443947
32,2,1,1,3,1,,,,
32,2,1,1,4,0,,8.70916,8.26179,-0.445687
32,2,1,1,6,1,,,,
32,2,1,1,8,0,,9.58984,8.2869,-0.157019
32,2,1,1,12,1,,,,
32,2,1,1,16,0,,10.6314,8.17251,0.249067
32,2,1,1,24,1,,,,
32,3,1,1,1,0,,7.35874,4.74649,0.672306
32,3,1,1,2,0,,7.79781,7.34087,-0.3427
32,3,1,1,3,1,,,,
32,3,1,1,4,0,,9.10199,7.93429,-0.164897
32,3,1,1,6,1,,,,
32,3,1,1,8,0,,10.1298,8.39431,-0.0213251
32,3,1,1,12,1,,,,
32,3,1,1,16,0,,10.4163,8.42478,0.0625598
32,3,1,1,24,1,,,,
32,4,1,1,1,0,,7.18775,4.36912,0.783461
32,4,1,1,2,0,,7.56764,6.61559,-0.0955348
32,4,1,1,3,1,,,,
32,4,1,1,4,0,,9.04079,8.17488,-0.293732
32,4,1,1,6,1,,,,
32,4,1,1,8,0,,10.0108,8.43923,-0.0820248
32,4,1,1,12,1,,,,
32,4,1,1,16,0,,10.0284,8.17232,0.0437863
32,4,1,1,24,1,,,,
32,6,1,1,1,0,,7.05831,3.3021,1.21834
32,6,1,1,2,0,,7.67747,5.55754,0.416804
32,6,1,1,3,1,,,,
32,6,1,1,4,0,,8.78358,7.1362,0.0849031
32,6,1,1,6,1,,,,
32,6,1,1,8,0,,9.3789,7.4312,0.155238
32,6,1,1,12,1,,,,
32,6,1,1,16,0,,8.97311,8.02369,-0.248916
32,6,1,1,24,1,,,,
32,8,1,1,1,0,,6.97497,2.62242,1.49504
32,8,1,1,2,0,,7.5203,4.70931,0.74402
32,8,1,1,3,1,,,,
32,8,1,1,4,0,,8.46237,6.05576,0.460483
32,8,1,1,6,1,,,,
32,8,1,1,8,0,,8.77003,6.51226,0.360357
32,8,1,1,12,1,,,,
32,8,1,1,16,0,,8.03601,7.69627,-0.421101
32,8,1,1,24,1,,,,
32,12,1,1,1,0,,6.67646,1.67063,1.8206
32,12,1,1,2,0,,7.60333,3.25864,1.42346
32,12,1,1,3,1,,,,
32,12,1,1,4,0,,7.80059,4.46589,0.948748
32,12,1,1,6,1,,,,
32,12,1,1,8,0,,7.80373,5.41932,0.521849
32,12,1,1,12,1,,,,
32,12,1,1,16,0,,6.84259,6.5753,-0.324387
32,12,1,1,24,1,,,,
32,16,1,1,1,0,,6.69872,0.976341,2.13983
32,16,1,1,2,0,,7.35397,2.07295,1.87076
32,16,1,1,3,1,,,,
32,16,1,1,4,0,,7.33422,3.44628,1.24759
32,16,1,1,6,1,,,,
32,16,1,1,8,0,,7.19452,4.58895,0.687093
32,16,1,1,12,1,,,,
32,16,1,1,16,0,,6.32734,5.66967,-0.0933596
32,16,1,1,24,1,,,,
32,24,1,1,1,0,,6.55278,1.53323,1.84016
32,24,1,1,2,0,,6.72022,1.18042,2.05555
32,24,1,1,3,1,,,,
32,24,1,1,4,0,,6.65971,1.98002,1.67602
32,24,1,1,6,1,,,,
32,24,1,1,8,0,,6.37821,3.56184,0.870113
32,24,1,1,12,1,,,,
32,24,1,1,16,0,,5.64666,4.84589,0.0445891
32,24,1,1,24,1,,,,
32,32,1,1,1,0,,6.12174,2.86832,1.09407
32,32,1,1,2,0,,6.33408,1.44926,1.80336
32,32,1,1,3,1,,,,
32,32,1,1,4,0,,6.19946,1.4453,1.75929
32,32,1,1,6,1,,,,
32,32,1,1,8,0,,6.04739,2.99782,1.01062
32,32,1,1,12,1,,,,
32,32,1,1,16,1,,,,
32,32,1,1,24,1,,,,
32,48,1,1,1,0,,5.4997,4.18833,0.289701
32,48,1,1,2,0,,5.85673,2.37352,1.22591
32,48,1,1,3,1,,,,
32,48,1,1,4,0,,5.80229,1.26713,1.704
32,48,1,1,6,1,,,,
32,48,1,1,8,0,,5.66373,2.37953,1.15748
32,48,1,1,12,1,,,,
32,48,1,1,16,1,,,,
32,48,1,1,24,1,,,,
32,64,1,1,1,0,,5.08573,5.01003,-0.220133
32,64,1,1,2,0,,5.85894,2.65962,1.09825
32,64,1,1,3,1,,,,
32,64,1,1,4,0,,5.51571,1.37327,1.55876
32,64,1,1,6,1,,,,
32,64,1,1,8,1,,,,
32,64,1,1,12,1,,,,
32,64,1,1,16,1,,,,
32,64,1,1,24,1,,,,
32,96,1,1,1,1,3.03437e+06,4.65018,5.85404,-0.747325
32,96,1,1,2,0,,5.65606,3.16725,0.801288
32,96,1,1,3,1,,,,
32,96,1,1,4,0,,5.26997,1.52773,1.40572
32,96,1,1,6,1,,,,
32,96,1,1,8,1,,,,
32,96,1,1,12,1,,,,
32,96,1,1,16,1,,,,
32,96,1,1,24,1,,,,
32,128,1,1,1,0,,4.56274,6.48825,-1.06178
32,128,1,1,2,0,,5.61144,3.72927,0.533814
32,128,1,1,3,1,,,,
32,128,1,1,4,1,,,,
32,128,1,1,6,1,,,,
32,128,1,1,8,1,,,,
32,128,1,1,12,1,,,,
32,128,1,1,16,1,,,,
32,128,1,1,24,1,,,,
32,192,1,1,1,1,,4.66419,6.77563,-1.15623
32,192,1,1,2,1,,5.41408,3.99544,0.34712
32,192,1,1,3,1,,,,
32,192,1,1,4,1,,,,
32,192,1,1,6,1,,,,
32,192,1,1,8,1,,,,
32,192,1,1,12,1,,,,
32,192,1,1,16,1,,,,
32,192,1,1,24,1,,,,
32,256,1,1,1,1,,4.60337,7.21533,-1.37431
32,256,1,1,2,1,,,,
32,256,1,1,3,1,,,,
32,256,1,1,4,1,,,,
32,256,1,1,6,1,,,,
32,256,1,1,8,1,,,,
32,256,1,1,12,1,,,,
32,256,1,1,16,1,,,,
32,256,1,1,24,1,,,,
32,384,1,1,1,0,,4.63012,7.59658,-1.53633
32,384,1,1,2,1,,,,
32,384,1,1,3,1,,,,
32,384,1,1,4,1,,,,
32,384,1,1,6,1,,,,
32,384,1,1,8,1,,,,
32,384,1,1,12,1,,,,
32,384,1,1,16,1,,,,
32,384,1,1,24,1,,,,
32,768,1,1,1,1,,,,
32,768,1,1,2,1,,,,
32,768,1,1,3,1,,,,
32,768,1,1,4,1,,,,
32,768,1,1,6,1,,,,
32,768,1,1,8,1,,,,
32,768,1,1,12,1,,,,
32,768,1,1,16,1,,,,
32,768,1,1,24,1,,,,
48,1,1,1,1,0,,8.47551,7.56806,-0.213869
48,1,1,1,2,0,,8.45642,8.30114,-0.549427
48,1,1,1,3,0,,8.48266,9.5048,-1.08078
48,1,1,1,4,0,,8.76299,10.4548,-1.41172
48,1,1,1,6,0,,8.6732,10.7371,-1.56902
48,1,1,1,8,0,,9.41154,10.5591,-1.23769
48,1,1,1,12,0,,9.95894,10.3607,-0.962197
48,1,1,1,16,0,,10.3799,10.3169,-0.799125
48,1,1,1,24,0,,11.3604,10.6536,-0.616353
48,2,1,1,1,0,,7.92988,6.92018,-0.108886
48,2,1,1,2,0,,8.19337,8.39248,-0.680019
48,2,1,1,3,0,,8.66888,9.21034,-0.885186
48,2,1,1,4,0,,9.12699,9.82075,-1.00316
48,2,1,1,6,0,,9.64665,10.0125,-0.912238
48,2,1,1,8,0,,10.0467,9.97959,-0.761209
48,2,1,1,12,0,,10.5513,9.88183,-0.545491
48,2,1,1,16,0,,11.1447,9.61246,-0.222456
48,2,1,1,24,0,,11.6865,9.61089,-0.037252
48,3,1,1,1,0,,7.96259,6.05085,0.292472
48,3,1,1,2,0,,8.54852,8.5741,-0.640586
48,3,1,1,3,0,,8.92142,9.33431,-0.854822
48,3,1,1,4,0,,9.48002,9.48607,-0.732693
48,3,1,1,6,0,,10.3964,9.67978,-0.507554
48,3,1,1,8,0,,10.5983,9.80686,-0.495826
48,3,1,1,12,0,,11.0862,9.92822,-0.384126
48,3,1,1,16,0,,11.2997,10.1116,-0.393738
48,3,1,1,24,0,,11.4206,9.86146,-0.240272
48,4,1,1,1,0,,7.94313,5.53968,0.515296
48,4,1,1,2,0,,8.28262,7.93944,-0.446268
48,4,1,1,3,0,,9.00187,9.44868,-0.878762
48,4,1,1,4,0,,9.45461,9.71418,-0.843744
48,4,1,1,6,0,,10.5171,9.73828,-0.492698
48,4,1,1,8,0,,10.7419,10.0864,-0.572371
48,4,1,1,12,0,,11.1261,10.0035,-0.404349
48,4,1,1,16,0,,11.1589,9.72716,-0.269127
48,4,1,1,24,0,,10.9393,9.81864,-0.384988
48,6,1,1,1,0,,7.60368,4.65889,0.795052
48,6,1,1,2,0,,8.339,6.75764,0.103416
48,6,1,1,3,0,,8.98056,8.40848,-0.419102
48,6,1,1,4,0,,9.50797,9.09573,-0.547964
48,6,1,1,6,0,,10.3363,9.5414,-0.465904
48,6,1,1,8,0,,10.7259,9.70992,-0.408857
48,6,1,1,12,0,,10.2859,9.54726,-0.485691
48,6,1,1,16,0,,10.1469,9.53651,-0.528221
48,6,1,1,24,0,,10.022,9.57798,-0.589371
48,8,1,1,1,0,,7.61444,3.85972,1.15744
48,8,1,1,2,0,,8.35389,6.07246,0.416041
48,8,1,1,3,0,,8.8849,7.71856,-0.141995
48,8,1,1,4,0,,9.474,8.19669,-0.155979
48,8,1,1,6,0,,9.90763,8.44184,-0.118335
48,8,1,1,8,0,,10.1132,8.36847,-0.0153918
48,8,1,1,12,0,,9.77486,9.04642,-0.434932
48,8,1,1,16,0,,9.53976,9.48243,-0.710714
48,8,1,1,24,0,,9.17215,9.48368,-0.836476
48,12,1,1,1,0,,7.39597,2.84403,1.53895
48,12,1,1,2,0,,8.30266,5.01186,0.874672
48,12,1,1,3,0,,8.80579,6.27289,0.479984
48,12,1,1,4,0,,9.10727,6.47095,0.493759
48,12,1,1,6,0,,9.04208,6.73808,0.351651
48,12,1,1,8,0,,9.23906,7.14352,0.236744
48,12,1,1,12,0,,8.99857,7.67657,-0.0844344
48,12,1,1,16,0,,8.54658,8.1941,-0.470679
48,12,1,1,24,0,,7.9413,8.9328,-1.0084
48,16,1,1,1,0,,7.2765,2.24541,1.76697
48,16,1,1,2,0,,8.29,3.92154,1.35977
48,16,1,1,3,0,,8.43462,4.91119,0.964802
48,16,1,1,4,0,,8.51448,5.23864,0.845016
48,16,1,1,6,0,,8.63318,5.76621,0.648631
48,16,1,1,8,0,,8.60934,6.2314,0.431701
48,16,1,1,12,0,,8.40262,6.85402,0.0818181
48,16,1,1,16,0,,8.08611,7.24207,-0.200161
48,16,1,1,24,1,,,,
48,24,1,1,1,0,,7.24261,1.22717,2.21248
48,24,1,1,2,0,,7.83127,2.45896,1.86005
48,24,1,1,3,0,,7.7706,2.98934,1.60132
48,24,1,1,4,0,,7.73348,3.62993,1.30113
48,24,1,1,6,0,,8.02765,4.36772,1.07014
48,24,1,1,8,0,,7.86934,4.86779,0.791759
48,24,1,1,12,1,32078.7,7.51268,5.65595,0.316503
48,24,1,1,16,1,,,,
48,24,1,1,24,1,,,,
48,32,1,1,1,0,,7.0518,1.29168,2.11854
48,32,1,1,2,0,,7.38522,1.72938,2.03562
48,32,1,1,3,0,,7.28812,2.17523,1.80242
48,32,1,1,4,0,,7.33352,2.56179,1.64437
48,32,1,1,6,0,,7.42302,3.42912,1.28553
48,32,1,1,8,0,,7.29472,4.00624,0.982782
48,32,1,1,12,1,,,,
48,32,1,1,16,1,,,,
48,32,1,1,24,1,,,,
48,48,1,1,1,1,3.06042e+06,6.38629,2.97953,1.13425
48,48,1,1,2,0,,6.86376,1.5949,1.91839
48,48,1,1,3,0,,6.59439,1.55292,1.84549
48,48,1,1,4,1,200100,6.82439,1.53779,1.93062
48,48,1,1,6,0,,6.70137,2.5004,1.45663
48,48,1,1,8,1,,,,
48,48,1,1,12,1,,,,
48,48,1,1,16,1,,,,
48,48,1,1,24,1,,,,
48,64,1,1,1,0,,5.94686,3.86425,0.587462
48,64,1,1,2,0,,6.36386,2.2393,1.45888
48,64,1,1,3,0,,6.15848,1.66132,1.64837
48,64,1,1,4,0,,6.26647,1.44931,1.78031
48,64,1,1,6,1,,,,
48,64,1,1,8,1,,,,
48,64,1,1,12,1,,,,
48,64,1,1,16,1,,,,
48,64,1,1,24,1,,,,
48,96,1,1,1,0,,5.32296,5.02266,-0.145003
48,96,1,1,2,0,,6.09132,2.87815,1.07929
48,96,1,1,3,0,,5.95091,2.08679,1.38669
48,96,1,1,4,1,,,,
48,96,1,1,6,1,,,,
48,96,1,1,8,1,,,,
48,96,1,1,12,1,,,,
48,96,1,1,16,1,,,,
48,96,1,1,24,1,,,,
48,128,1,1,1,1,,4.8818,5.63416,-0.569738
48,128,1,1,2,0,,6.05566,3.14223,0.948609
48,128,1,1,3,1,,,,
48,128,1,1,4,1,,,,
48,128,1,1,6,1,,,,
48,128,1,1,8,1,,,,
48,128,1,1,12,1,,,,
48,128,1,1,16,1,,,,
48,128,1,1,24,1,,,,
48,192,1,1,1,1,,4.63758,6.5093,-1.04574
48,192,1,1,2,1,,,,
48,192,1,1,3,1,,,,
48,192,1,1,4,1,,,,
48,192,1,1,6,1,,,,
48,192,1,1,8,1,,,,
48,192,1,1,12,1,,,,
48,192,1,1,16,1,,,,
48,192,1,1,24,1,,,,
48,256,1,1,1,1,,4.52099,7.08432,-1.34356
48,256,1,1,2,1,,,,
48,256,1,1,3,1,,,,
48,256,1,1,4,1,,,,
48,256,1,1,6,1,,,,
48,256,1,1,8,1,,,,
48,256,1,1,12,1,,,,
48,256,1,1,16,1,,,,
48,256,1,1,24,1,,,,
48,384,1,1,1,1,,,,
48,384,1,1,2,1,,,,
48,384,1,1,3,1,,,,
48,384,1,1,4,1,,,,
48,384,1,1,6,1,,,,
48,384,1,1,8,1,,,,
48,384,1,1,12,1,,,,
48,384,1,1,16,1,,,,
48,384,1,1,24,1,,,,
48,768,1,1,1,1,,,,
48,768,1,1,2,1,,,,
48,768,1,1,3,1,,,,
48,768,1,1,4,1,,,,
48,768,1,1,6,1,,,,
48,768,1,1,8,1,,,,
48,768,1,1,12,1,,,,
48,768,1,1,16,1,,,,
48,768,1,1,24,1,,,,
64,1,1,1,1,0,,8.88607,8.33881,-0.420009
64,1,1,1,2,0,,8.92486,9.0332,-0.718494
64,1,1,1,3,1,,,,
64,1,1,1,4,0,,9.20603,11.1204,-1.55961
64,1,1,1,6,1,,,,
64,1,1,1,8,0,,9.6368,11.8088,-1.72192
64,1,1,1,12,1,,,,
64,1,1,1,16,0,,10.7659,11.534,-1.214
64,1,1,1,24,1,,,,
64,2,1,1,1,0,,8.31613,7.65024,-0.305038
64,2,1,1,2,0,,8.6235,9.12058,-0.86035
64,2,1,1,3,1,,,,
64,2,1,1,4,0,,9.42658,10.5652,-1.23528
64,2,1,1,6,1,,,,
64,2,1,1,8,0,,10.3182,11.1914,-1.21269
64,2,1,1,12,1,,,,
64,2,1,1,16,0,,11.3929,10.8909,-0.7118
64,2,1,1,24,1,,,,
64,3,1,1,1,0,,8.40675,7.02869,0.00481843
64,3,1,1,2,0,,8.99903,9.2727,-0.800736
64,3,1,1,3,1,,,,
64,3,1,1,4,0,,9.86225,10.5539,-1.08181
64,3,1,1,6,1,,,,
64,3,1,1,8,0,,11.0763,10.8912,-0.819776
64,3,1,1,12,1,,,,
64,3,1,1,16,0,,11.7671,11.0389,-0.650783
64,3,1,1,24,1,,,,
64,4,1,1,1,0,,8.45434,6.36712,0.31799
64,4,1,1,2,0,,8.84195,8.90794,-0.690501
64,4,1,1,3,1,,,,
64,4,1,1,4,0,,9.82923,10.7384,-1.17592
64,4,1,1,6,1,,,,
64,4,1,1,8,0,,11.2567,10.9668,-0.792284
64,4,1,1,12,1,,,,
64,4,1,1,16,0,,11.7637,11.2213,-0.73383
64,4,1,1,24,1,,,,
64,6,1,1,1,0,,8.02869,5.64834,0.495663
64,6,1,1,2,0,,8.71769,7.71084,-0.195475
64,6,1,1,3,1,,,,
64,6,1,1,4,0,,9.91737,10.2675,-0.934519
64,6,1,1,6,1,,,,
64,6,1,1,8,0,,11.2725,11.176,-0.880778
64,6,1,1,12,1,,,,
64,6,1,1,16,0,,11.0178,10.6387,-0.726363
64,6,1,1,24,1,,,,
64,8,1,1,1,0,,8.06556,4.79691,0.890402
64,8,1,1,2,0,,8.85352,6.882,0.222824
64,8,1,1,3,1,,,,
64,8,1,1,4,0,,9.97135,9.53054,-0.585321
64,8,1,1,6,1,,,,
64,8,1,1,8,0,,11.0438,10.0786,-0.46609
64,8,1,1,12,1,,,,
64,8,1,1,16,0,,10.4278,10.5745,-0.898434
64,8,1,1,24,1,,,,
64,12,1,1,1,0,,7.95136,3.7555,1.31897
64,12,1,1,2,0,,8.73093,6.03636,0.560659
64,12,1,1,3,1,,,,
64,12,1,1,4,0,,9.89206,8.08435,0.0368316
64,12,1,1,6,1,,,,
64,12,1,1,8,0,,10.0229,8.49163,-0.101436
64,12,1,1,12,1,,,,
64,12,1,1,16,0,,9.58655,9.50131,-0.703254
64,12,1,1,24,1,,,,
64,16,1,1,1,0,,7.75615,3.11407,1.54041
64,16,1,1,2,0,,8.82162,5.14476,0.991763
64,16,1,1,3,1,,,,
64,16,1,1,4,0,,9.54154,6.73879,0.521436
64,16,1,1,6,1,,,,
64,16,1,1,8,0,,9.5046,7.46251,0.183997
64,16,1,1,12,1,,,,
64,16,1,1,16,1,,,,
64,16,1,1,24,1,,,,
64,24,1,1,1,0,,7.65748,2.13494,1.94631
64,24,1,1,2,0,,8.56149,3.62477,1.58545
64,24,1,1,3,1,,,,
64,24,1,1,4,0,,8.56239,4.99301,0.97159
64,24,1,1,6,1,,,,
64,24,1,1,8,0,,8.86728,5.99562,0.625387
64,24,1,1,12,1,,,,
64,24,1,1,16,1,,,,
64,24,1,1,24,1,,,,
64,32,1,1,1,0,,7.60331,1.38728,2.26346
64,32,1,1,2,0,,8.1479,2.70323,1.85825
64,32,1,1,3,1,,,,
64,32,1,1,4,0,,8.09322,3.82832,1.3346
64,32,1,1,6,1,,,,
64,32,1,1,8,1,,,,
64,32,1,1,12,1,,,,
64,32,1,1,16,1,,,,
64,32,1,1,24,1,,,,
64,48,1,1,1,0,,7.157,1.87333,1.89328
64,48,1,1,2,0,,7.53105,1.77475,2.06493
64,48,1,1,3,1,,,,
64,48,1,1,4,0,,7.60776,2.45801,1.78435
64,48,1,1,6,1,,,,
64,48,1,1,8,1,,,,
64,48,1,1,12,1,,,,
64,48,1,1,16,1,,,,
64,48,1,1,24,1,,,,
64,64,1,1,1,0,,6.58667,3.06519,1.16405
64,64,1,1,2,0,,7.14396,1.73347,1.95162
64,64,1,1,3,1,,,,
64,64,1,1,4,1,,,,
64,64,1,1,6,1,,,,
64,64,1,1,8,1,,,,
64,64,1,1,12,1,,,,
64,64,1,1,16,1,,,,
64,64,1,1,24,1,,,,
64,96,1,1,1,1,,5.95622,4.30516,0.392738
64,96,1,1,2,0,,6.51717,2.54271,1.3749
64,96,1,1,3,1,,,,
64,96,1,1,4,1,,,,
64,96,1,1,6,1,,,,
64,96,1,1,8,1,,,,
64,96,1,1,12,1,,,,
64,96,1,1,16,1,,,,
64,96,1,1,24,1,,,,
64,128,1,1,1,0,,5.45773,5.11051,-0.138539
64,128,1,1,2,1,,,,
64,128,1,1,3,1,,,,
64,128,1,1,4,1,,,,
64,128,1,1,6,1,,,,
64,128,1,1,8,1,,,,
64,128,1,1,12,1,,,,
64,128,1,1,16,1,,,,
64,128,1,1,24,1,,,,
64,192,1,1,1,1,,4.8538,5.93216,-0.713039
64,192,1,1,2,1,,,,
64,192,1,1,3,1,,,,
64,192,1,1,4,1,,,,
64,192,1,1,6,1,,,,
64,192,1,1,8,1,,,,
64,192,1,1,12,1,,,,
64,192,1,1,16,1,,,,
64,192,1,1,24,1,,,,
64,256,1,1,1,1,,,,
64,256,1,1,2,1,,,,
64,256,1,1,3,1,,,,
64,256,1,1,4,1,,,,
64,256,1,1,6,1,,,,
64,256,1,1,8,1,,,,
64,256,1,1,12,1,,,,
64,256,1,1,16,1,,,,
64,256,1,1,24,1,,,,
64,384,1,1,1,1,,,,
64,384,1,1,2,1,,,,
64,384,1,1,3,1,,,,
64,384,1,1,4,1,,,,
64,384,1,1,6,1,,,,
64,384,1,1,8,1,,,,
64,384,1,1,12,1,,,,
64,384,1,1,16,1,,,,
64,384,1,1,24,1,,,,
64,768,1,1,1,1,,,,
64,768,1,1,2,1,,,,
64,768,1,1,3,1,,,,
64,768,1,1,4,1,,,,
64,768,1,1,6,1,,,,
64,768,1,1,8,1,,,,
64,768,1,1,12,1,,,,
64,768,1,1,16,1,,,,
64,768,1,1,24,1,,,,
96,1,1,1,1,0,,9.51874,9.40714,-0.684079
96,1,1,1,2,0,,9.53948,10.1027,-0.989222
96,1,1,1,3,0,,9.70766,11.1946,-1.42207
96,1,1,1,4,0,,9.82421,12.0691,-1.77492
96,1,1,1,6,0,,10.0747,13.3369,-2.25868
96,1,1,1,8,0,,10.0937,13.4829,-2.31778
96,1,1,1,12,0,,11.0525,13.2603,-1.8913
96,1,1,1,16,0,,11.4576,13.177,-1.71592
96,1,1,1,24,0,,11.9117,13.1961,-1.56987
96,2,1,1,1,0,,8.84566,8.6993,-0.595586
96,2,1,1,2,0,,9.23641,10.1902,-1.13171
96,2,1,1,3,0,,9.58955,11.1432,-1.43925
96,2,1,1,4,0,,9.90632,11.697,-1.57994
96,2,1,1,6,0,,10.5507,12.6555,-1.79072
96,2,1,1,8,0,,10.7968,12.8555,-1.79668
96,2,1,1,12,0,,11.3567,12.8014,-1.58169
96,2,1,1,16,0,,11.637,12.7596,-1.46747
96,2,1,1,24,0,,12.5552,12.4024,-0.994409
96,3,1,1,1,0,,9.0862,8.47598,-0.413421
96,3,1,1,2,0,,9.59919,10.278,-1.04761
96,3,1,1,3,0,,9.8216,11.1456,-1.36126
96,3,1,1,4,0,,10.3249,11.6651,-1.42306
96,3,1,1,6,0,,11.0467,12.2662,-1.44704
96,3,1,1,8,0,,11.5425,12.5157,-1.3902
96,3,1,1,12,0,,12.0043,12.5691,-1.25686
96,3,1,1,16,0,,12.2331,12.6267,-1.20477
96,3,1,1,24,0,,12.7806,12.5516,-0.98462
96,4,1,1,1,0,,9.09441,7.60464,-0.0195049
96,4,1,1,2,0,,9.62638,10.2376,-1.02021
96,4,1,1,3,0,,9.86939,11.2918,-1.41063
96,4,1,1,4,0,,10.3739,12.0127,-1.56243
96,4,1,1,6,0,,11.2152,12.2455,-1.38036
96,4,1,1,8,0,,11.8587,12.3091,-1.18973
96,4,1,1,12,1,52532,12.2754,12.5343,-1.14891
96,4,1,1,16,0,,12.4867,12.6664,-1.13624
96,4,1,1,24,0,,12.7069,12.82,-1.13023
96,6,1,1,1,0,,8.78968,7.01053,0.143389
96,6,1,1,2,0,,9.30118,9.09564,-0.618352
96,6,1,1,3,0,,10.1869,10.8129,-1.08755
96,6,1,1,4,0,,10.627,11.921,-1.43503
96,6,1,1,6,0,,11.3344,12.5164,-1.46137
96,6,1,1,8,0,,11.9344,12.5838,-1.28728
96,6,1,1,12,0,,12.2186,13.0311,-1.39124
96,6,1,1,16,0,,12.2429,12.6889,-1.22936
96,6,1,1,24,0,,12.1075,12.1822,-1.04805
96,8,1,1,1,0,,8.61811,6.18207,0.456828
96,8,1,1,2,0,,9.41007,8.20414,-0.181094
96,8,1,1,3,0,,10.2199,10.0903,-0.75193
96,8,1,1,4,0,,10.6865,11.1033,-1.0477
96,8,1,1,6,0,,11.4267,12.2069,-1.291
96,8,1,1,8,0,,11.9308,12.6481,-1.31736
96,8,1,1,12,0,,12.0892,12.4812,-1.18849
96,8,1,1,16,0,,11.6776,12.3021,-1.24829
96,8,1,1,24,1,,,,
96,12,1,1,1,0,,8.60899,5.02451,0.973325
96,12,1,1,2,0,,9.31769,7.26902,0.207192
96,12,1,1,3,0,,10.1811,9.20384,-0.367228
96,12,1,1,4,0,,10.704,10.0501,-0.568995
96,12,1,1,6,0,,11.1887,10.6016,-0.651454
96,12,1,1,8,0,,11.3793,10.8397,-0.693427
96,12,1,1,12,0,,11.408,10.8811,-0.702278
96,12,1,1,16,1,,,,
96,12,1,1,24,1,,,,
96,16,1,1,1,0,,8.52561,4.27433,1.28166
96,16,1,1,2,0,,9.34591,6.59368,0.519944
96,16,1,1,3,0,,10.0966,8.41067,-0.0399962
96,16,1,1,4,0,,10.5937,8.93078,-0.104157
96,16,1,1,6,0,,10.8,9.25583,-0.179803
96,16,1,1,8,0,,10.7498,9.52001,-0.315479
96,16,1,1,12,1,,,,
96,16,1,1,16,1,,,,
96,16,1,1,24,1,,,,
96,24,1,1,1,1,3.09733e+06,8.29893,3.44316,1.57754
96,24,1,1,2,0,,9.3889,5.30551,1.11281
96,24,1,1,3,0,,9.78586,6.62929,0.653797
96,24,1,1,4,0,,9.98255,7.07685,0.519889
96,24,1,1,6,0,,10.044,7.49187,0.354512
96,24,1,1,8,1,,,,
96,24,1,1,12,1,,,,
96,24,1,1,16,1,,,,
96,24,1,1,24,1,,,,
96,32,1,1,1,0,,8.26046,2.73113,1.88406
96,32,1,1,2,0,,9.17708,4.27117,1.50496
96,32,1,1,3,0,,9.39434,5.26027,1.13497
96,32,1,1,4,0,,9.4264,5.72839,0.935762
96,32,1,1,6,1,,,,
96,32,1,1,8,1,,,,
96,32,1,1,12,1,,,,
96,32,1,1,16,1,,,,
96,32,1,1,24,1,,,,
96,48,1,1,1,0,,8.04943,1.54235,2.34579
96,48,1,1,2,0,,8.58159,3.05253,1.84915
96,48,1,1,3,1,,8.63164,3.95021,1.46326
96,48,1,1,4,1,,,,
96,48,1,1,6,1,,,,
96,48,1,1,8,1,,,,
96,48,1,1,12,1,,,,
96,48,1,1,16,1,,,,
96,48,1,1,24,1,,,,
96,64,1,1,1,0,,7.68183,1.66556,2.16529
96,64,1,1,2,0,,8.12981,2.32279,2.02285
96,64,1,1,3,1,,,,
96,64,1,1,4,1,,,,
96,64,1,1,6,1,,,,
96,64,1,1,8,1,,,,
96,64,1,1,12,1,,,,
96,64,1,1,16,1,,,,
96,64,1,1,24,1,,,,
96,96,1,1,1,0,,6.86908,3.19059,1.20394
96,96,1,1,2,1,,,,
96,96,1,1,3,1,,,,
96,96,1,1,4,1,,,,
96,96,1,1,6,1,,,,
96,96,1,1,8,1,,,,
96,96,1,1,12,1,,,,
96,96,1,1,16,1,,,,
96,96,1,1,24,1,,,,
96,128,1,1,1,1,,6.38826,4.09007,0.636429
96,128,1,1,2,1,,,,
96,128,1,1,3,1,,,,
96,128,1,1,4,1,,,,
96,128,1,1,6,1,,,,
96,128,1,1,8,1,,,,
96,128,1,1,12,1,,,,
96,128,1,1,16,1,,,,
96,128,1,1,24,1,,,,
96,192,1,1,1,1,,,,
96,192,1,1,2,1,,,,
96,192,1,1,3,1,,,,
96,192,1,1,4,1,,,,
96,192,1,1,6,1,,,,
96,192,1,1,8,1,,,,
96,192,1,1,12,1,,,,
96,192,1,1,16,1,,,,
96,192,1,1,24,1,,,,
96,256,1,1,1,1,,,,
96,256,1,1,2,1,,,,
96,256,1,1,3,1,,,,
96,256,1,1,4,1,,,,
96,256,1,1,6,1,,,,
96,256,1,1,8,1,,,,
96,256,1,1,12,1,,,,
96,256,1,1,16,1,,,,
96,256,1,1,24,1,,,,
96,384,1,1,1,1,,,,
96,384,1,1,2,1,,,,
96,384,1,1,3,1,,,,
96,384,1,1,4,1,,,,
96,384,1,1,6,1,,,,
96,384,1,1,8,1,,,,
96,384,1,1,12,1,,,,
96,384,1,1,16,1,,,,
96,384,1,1,24,1,,,,
96,768,1,1,1,1,,,,
96,768,1,1,2,1,,,,
96,768,1,1,3,1,,,,
96,768,1,1,4,1,,,,
96,768,1,1,6,1,,,,
96,768,1,1,8,1,,,,
96,768,1,1,12,1,,,,
96,768,1,1,16,1,,,,
96,768,1,1,24,1,,,,
128,1,1,1,1,0,,10.017,10.1547,-0.849952
128,1,1,1,2,0,,9.97992,10.8696,-1.18348
128,1,1,1,3,1,,,,
128,1,1,1,4,0,,10.2936,12.7872,-1.93742
128,1,1,1,6,1,,,,
128,1,1,1,8,0,,10.5913,14.5549,-2.62949
128,1,1,1,12,1,,,,
128,1,1,1,16,0,,11.9397,14.311,-2.06074
128,1,1,1,24,1,,,,
128,2,1,1,1,0,,9.22484,9.44718,-0.802147
128,2,1,1,2,0,,9.63814,10.9292,-1.32661
128,2,1,1,3,1,,,,
128,2,1,1,4,0,,10.2585,12.4797,-1.81134
128,2,1,1,6,1,,,,
128,2,1,1,8,0,,11.141,14.0293,-2.20633
128,2,1,1,12,1,,,,
128,2,1,1,16,0,,12.0024,13.9823,-1.89186
128,2,1,1,24,1,,,,
128,3,1,1,1,0,,9.4459,9.2462,-0.636644
128,3,1,1,2,0,,9.96247,10.9388,-1.22049
128,3,1,1,3,1,,,,
128,3,1,1,4,0,,10.6472,12.351,-1.62114
128,3,1,1,6,1,,,,
128,3,1,1,8,0,,11.8539,13.5705,-1.75757
128,3,1,1,12,1,,,,
128,3,1,1,16,0,,12.6173,13.7919,-1.59697
128,3,1,1,24,1,,,,
128,4,1,1,1,0,,9.54002,8.5835,-0.30712
128,4,1,1,2,0,,10.111,10.9323,-1.16696
128,4,1,1,3,1,,,,
128,4,1,1,4,0,,10.7318,12.8108,-1.79875
128,4,1,1,6,1,,,,
128,4,1,1,8,0,,12.1593,13.3739,-1.56531
128,4,1,1,12,1,,,,
128,4,1,1,16,0,,12.8821,13.7587,-1.49188
128,4,1,1,24,1,,,,
128,6,1,1,1,0,,9.31074,7.97188,-0.110669
128,6,1,1,2,0,,9.67758,10.1532,-0.964886
128,6,1,1,3,1,,,,
128,6,1,1,4,0,,10.9846,12.9246,-1.76374
128,6,1,1,6,1,,,,
128,6,1,1,8,0,,12.2884,13.5228,-1.58819
128,6,1,1,12,1,,,,
128,6,1,1,16,0,,12.9674,14.0979,-1.61509
128,6,1,1,24,1,,,,
128,8,1,1,1,0,,9.05198,7.20157,0.146975
128,8,1,1,2,0,,9.76835,9.18047,-0.497319
128,8,1,1,3,1,,,,
128,8,1,1,4,0,,11.2409,12.1607,-1.33352
128,8,1,1,6,1,,,,
128,8,1,1,8,1,65632,12.4194,13.8262,-1.67977
128,8,1,1,12,1,,,,
128,8,1,1,16,1,,,,
128,8,1,1,24,1,,,,
128,12,1,1,1,0,,9.08424,5.95875,0.715826
128,12,1,1,2,0,,9.81324,8.1103,-0.00165932
128,12,1,1,3,1,,,,
128,12,1,1,4,0,,11.2509,11.1564,-0.879354
128,12,1,1,6,1,,,,
128,12,1,1,8,0,,12.2101,12.5683,-1.18642
128,12,1,1,12,1,,,,
128,12,1,1,16,1,,,,
128,12,1,1,24,1,,,,
128,16,1,1,1,0,,9.01097,5.18441,1.03845
128,16,1,1,2,0,,9.73295,7.46039,0.26272
128,16,1,1,3,1,,,,
128,16,1,1,4,0,,11.2253,10.3669,-0.533652
128,16,1,1,6,1,,,,
128,16,1,1,8,1,,,,
128,16,1,1,12,1,,,,
128,16,1,1,16,1,,,,
128,16,1,1,24,1,,,,
128,24,1,1,1,0,,8.78113,4.2849,1.36394
128,24,1,1,2,0,,9.82412,6.37146,0.782564
128,24,1,1,3,1,,,,
128,24,1,1,4,0,,10.8614,8.56243,0.152362
128,24,1,1,6,1,,,,
128,24,1,1,8,1,,,,
128,24,1,1,12,1,,,,
128,24,1,1,16,1,,,,
128,24,1,1,24,1,,,,
128,32,1,1,1,0,,8.71093,3.70143,1.60194
128,32,1,1,2,0,,9.73036,5.41006,1.18218
128,32,1,1,3,1,,,,
128,32,1,1,4,1,,,,
128,32,1,1,6,1,,,,
128,32,1,1,8,1,,,,
128,32,1,1,12,1,,,,
128,32,1,1,16,1,,,,
128,32,1,1,24,1,,,,
128,48,1,1,1,1,,8.61208,2.64056,2.04447
128,48,1,1,2,0,,9.39766,4.02496,1.6906
128,48,1,1,3,1,,,,
128,48,1,1,4,1,,,,
128,48,1,1,6,1,,,,
128,48,1,1,8,1,,,,
128,48,1,1,12,1,,,,
128,48,1,1,16,1,,,,
128,48,1,1,24,1,,,,
128,64,1,1,1,1,,8.36243,1.65113,2.40357
128,64,1,1,2,1,,,,
128,64,1,1,3,1,,,,
128,64,1,1,4,1,,,,
128,64,1,1,6,1,,,,
128,64,1,1,8,1,,,,
128,64,1,1,12,1,,,,
128,64,1,1,16,1,,,,
128,64,1,1,24,1,,,,
128,96,1,1,1,1,,7.70168,2.18336,1.93962
128,96,1,1,2,1,,,,
128,96,1,1,3,1,,,,
128,96,1,1,4,1,,,,
128,96,1,1,6,1,,,,
128,96,1,1,8,1,,,,
128,96,1,1,12,1,,,,
128,96,1,1,16,1,,,,
128,96,1,1,24,1,,,,
128,128,1,1,1,1,,,,
128,128,1,1,2,1,,,,
128,128,1,1,3,1,,,,
128,128,1,1,4,1,,,,
128,128,1,1,6,1,,,,
128,128,1,1,8,1,,,,
128,128,1,1,12,1,,,,
128,128,1,1,16,1,,,,
128,128,1,1,24,1,,,,
128,192,1,1,1,1,,,,
128,192,1,1,2,1,,,,
128,192,1,1,3,1,,,,
128,192,1,1,4,1,,,,
128,192,1,1,6,1,,,,
128,192,1,1,8,1,,,,
128,192,1,1,12,1,,,,
128,192,1,1,16,1,,,,
128,192,1,1,24,1,,,,
128,256,1,1,1,1,,,,
128,256,1,1,2,1,,,,
128,256,1,1,3,1,,,,
128,256,1,1,4,1,,,,
128,256,1,1,6,1,,,,
128,256,1,1,8,1,,,,
128,256,1,1,12,1,,,,
128,256,1,1,16,1,,,,
128,256,1,1,24,1,,,,
128,384,1,1,1,1,,,,
128,384,1,1,2,1,,,,
128,384,1,1,3,1,,,,
128,384,1,1,4,1,,,,
128,384,1,1,6,1,,,,
128,384,1,1,8,1,,,,
128,384,1,1,12,1,,,,
128,384,1,1,16,1,,,,
128,384,1,1,24,1,,,,
128,768,1,1,1,1,,,,
128,768,1,1,2,1,,,,
128,768,1,1,3,1,,,,
128,768,1,1,4,1,,,,
128,768,1,1,6,1,,,,
128,768,1,1,8,1,,,,
128,768,1,1,12,1,,,,
128,768,1,1,16,1,,,,
128,768,1,1,24,1,,,,
192,1,1,1,1,0,,10.729,11.1995,-1.07644
192,1,1,1,2,0,,10.6189,11.9932,-1.47021
192,1,1,1,3,0,,10.8679,12.9546,-1.81696
192,1,1,1,4,0,,10.9702,13.745,-2.13689
192,1,1,1,6,0,,11.2865,15.0357,-2.60852
192,1,1,1,8,0,,11.3482,15.895,-2.97322
192,1,1,1,12,0,,11.5686,16.0667,-2.9752
192,1,1,1,16,0,,12.3614,16.0068,-2.67834
192,1,1,1,24,0,,13.0482,15.9578,-2.42244
192,2,1,1,1,0,,9.78433,10.4891,-1.07928
192,2,1,1,2,0,,10.1898,11.9915,-1.61555
192,2,1,1,3,0,,10.6245,12.9985,-1.91955
192,2,1,1,4,0,,10.8363,13.6364,-2.13374
192,2,1,1,6,0,,11.2946,14.3836,-2.31306
192,2,1,1,8,0,,11.7335,15.1394,-2.50281
192,2,1,1,12,0,,12.1355,15.6724,-2.60515
192,2,1,1,16,0,,12.5565,15.6475,-2.45057
192,2,1,1,24,0,,13.1015,15.5451,-2.21901
192,3,1,1,1,0,,9.88557,10.3419,-0.978753
192,3,1,1,2,0,,10.4441,11.869,-1.47398
192,3,1,1,3,0,,10.8953,13.1055,-1.87535
192,3,1,1,4,0,,11.1372,13.5102,-1.97461
192,3,1,1,6,0,,11.758,14.3809,-2.15401
192,3,1,1,8,0,,12.3847,15.0109,-2.22336
192,3,1,1,12,0,,12.9627,15.3576,-2.18214
192,3,1,1,16,0,,13.2414,15.3952,-2.10409
192,3,1,1,24,1,,,,
192,4,1,1,1,0,,10.1528,10.0372,-0.750925
192,4,1,1,2,0,,10.7234,11.9231,-1.40313
192,4,1,1,3,0,,10.9294,12.8859,-1.76514
192,4,1,1,4,0,,11.2988,13.7117,-2.01004
192,4,1,1,6,0,,11.9538,14.6606,-2.21288
192,4,1,1,8,0,,12.5371,14.9258,-2.13324
192,4,1,1,12,0,,13.2922,15.1891,-1.99426
192,4,1,1,16,0,,13.6321,15.2653,-1.91269
192,4,1,1,24,1,,,,
192,6,1,1,1,0,,10.0161,9.15649,-0.402186
192,6,1,1,2,0,,10.3894,11.5639,-1.35567
192,6,1,1,3,0,,11.0919,12.971,-1.74799
192,6,1,1,4,0,,11.4982,13.9814,-2.06318
192,6,1,1,6,0,,12.2379,15.0231,-2.27884
192,6,1,1,8,0,,12.721,15.0742,-2.13726
192,6,1,1,12,0,,13.5208,15.1199,-1.88534
192,6,1,1,16,1,,,,
192,6,1,1,24,1,,,,
192,8,1,1,1,0,,9.7368,8.64685,-0.268541
192,8,1,1,2,0,,10.2453,10.6416,-0.990755
192,8,1,1,3,0,,11.2867,12.1662,-1.32041
192,8,1,1,4,0,,11.7823,13.5044,-1.75229
192,8,1,1,6,0,,12.5134,15.0325,-2.18921
192,8,1,1,8,0,,12.9797,15.133,-2.07553
192,8,1,1,12,1,,,,
192,8,1,1,16,1,,,,
192,8,1,1,24,1,,,,
192,12,1,1,1,0,,9.64076,7.34531,0.282977
192,12,1,1,2,0,,10.3497,9.44068,-0.416111
192,12,1,1,3,0,,11.3463,11.167,-0.851619
192,12,1,1,4,0,,12.0745,12.4808,-1.19333
192,12,1,1,6,0,,12.6134,13.7878,-1.59644
192,12,1,1,8,1,,,,
192,12,1,1,12,1,,,,
192,12,1,1,16,1,,,,
192,12,1,1,24,1,,,,
192,16,1,1,1,0,,9.66917,6.48413,0.679214
192,16,1,1,2,0,,10.3454,8.70546,-0.0875858
192,16,1,1,3,0,,11.3097,10.5008,-0.565035
192,16,1,1,4,0,,12.0143,11.9079,-0.956638
192,16,1,1,6,1,,,,
192,16,1,1,8,1,,,,
192,16,1,1,12,1,,,,
192,16,1,1,16,1,,,,
192,16,1,1,24,1,,,,
192,24,1,1,1,1,,9.55171,5.41583,1.11874
192,24,1,1,2,0,,10.2937,7.74757,0.324802
192,24,1,1,3,1,,11.2084,9.58538,-0.188615
192,24,1,1,4,1,,,,
192,24,1,1,6,1,,,,
192,24,1,1,8,1,,,,
192,24,1,1,12,1,,,,
192,24,1,1,16,1,,,,
192,24,1,1,24,1,,,,
192,32,1,1,1,0,,9.35226,4.87462,1.29375
192,32,1,1,2,0,,10.3631,6.92432,0.717955
192,32,1,1,3,1,,,,
192,32,1,1,4,1,,,,
192,32,1,1,6,1,,,,
192,32,1,1,8,1,,,,
192,32,1,1,12,1,,,,
192,32,1,1,16,1,,,,
192,32,1,1,24,1,,,,
192,48,1,1,1,0,,9.28978,4.0433,1.64562
192,48,1,1,2,1,,,,
192,48,1,1,3,1,,,,
192,48,1,1,4,1,,,,
192,48,1,1,6,1,,,,
192,48,1,1,8,1,,,,
192,48,1,1,12,1,,,,
192,48,1,1,16,1,,,,
192,48,1,1,24,1,,,,
192,64,1,1,1,0,,9.2018,3.21653,1.98678
192,64,1,1,2,1,,,,
192,64,1,1,3,1,,,,
192,64,1,1,4,1,,,,
192,64,1,1,6,1,,,,
192,64,1,1,8,1,,,,
192,64,1,1,12,1,,,,
192,64,1,1,16,1,,,,
192,64,1,1,24,1,,,,
192,96,1,1,1,1,,,,
192,96,1,1,2,1,,,,
192,96,1,1,3,1,,,,
192,96,1,1,4,1,,,,
192,96,1,1,6,1,,,,
192,96,1,1,8,1,,,,
192,96,1,1,12,1,,,,
192,96,1,1,16,1,,,,
192,96,1,1,24,1,,,,
192,128,1,1,1,1,,,,
192,128,1,1,2,1,,,,
192,128,1,1,3,1,,,,
192,128,1,1,4,1,,,,
192,128,1,1,6,1,,,,
192,128,1,1,8,1,,,,
192,128,1,1,12,1,,,,
192,128,1,1,16,1,,,,
192,128,1,1,24,1,,,,
192,192,1,1,1,1,,,,
192,192,1,1,2,1,,,,
192,192,1,1,3,1,,,,
192,192,1,1,4,1,,,,
192,192,1,1,6,1,,,,
192,192,1,1,8,1,,,,
192,192,1,1,12,1,,,,
192,192,1,1,16,1,,,,
192,192,1,1,24,1,,,,
192,256,1,1,1,1,,,,
192,256,1,1,2,1,,,,
192,256,1,1,3,1,,,,
192,256,1,1,4,1,,,,
192,256,1,1,6,1,,,,
192,256,1,1,8,1,,,,
192,256,1,1,12,1,,,,
192,256,1,1,16,1,,,,
192,256,1,1,24,1,,,,
192,384,1,1,1,1,,,,
192,384,1,1,2,1,,,,
192,384,1,1,3,1,,,,
192,384,1,1,4,1,,,,
192,384,1,1,6,1,,,,
192,384,1,1,8,1,,,,
192,384,1,1,12,1,,,,
192,384,1,1,16,1,,,,
192,384,1,1,24,1,,,,
192,768,1,1,1,1,,,,
192,768,1,1,2,1,,,,
192,768,1,1,3,1,,,,
192,768,1,1,4,1,,,,
192,768,1,1,6,1,,,,
192,768,1,1,8,1,,,,
192,768,1,1,12,1,,,,
192,768,1,1,16,1,,,,
192,768,1,1,24,1,,,,
256,1,1,1,1,0,,11.2263,11.9463,-1.24227
256,1,1,1,2,0,,11.0608,12.8096,-1.68616
256,1,1,1,3,1,,,,
256,1,1,1,4,0,,11.4434,14.4802,-2.30573
256,1,1,1,6,1,,,,
256,1,1,1,8,0,,11.9116,16.7841,-3.18041
256,1,1,1,12,1,,,,
256,1,1,1,16,0,,12.4972,17.1432,-3.14217
256,1,1,1,24,1,,,,
256,2,1,1,1,0,,10.2174,11.2268,-1.26293
256,2,1,1,2,0,,10.6004,12.7463,-1.81455
256,2,1,1,3,1,,,,
256,2,1,1,4,0,,11.2955,14.4688,-2.35097
256,2,1,1,6,1,,,,
256,2,1,1,8,0,,12.0972,15.7611,-2.65804
256,2,1,1,12,1,,,,
256,2,1,1,16,0,,12.8843,16.8436,-2.87584
256,2,1,1,24,1,,,,
256,3,1,1,1,0,,10.2423,11.0978,-1.19655
256,3,1,1,2,0,,10.7854,12.6015,-1.68655
256,3,1,1,3,1,,,,
256,3,1,1,4,0,,11.522,14.3511,-2.22103
256,3,1,1,6,1,,,,
256,3,1,1,8,0,,12.6896,15.8251,-2.48501
256,3,1,1,12,1,,,,
256,3,1,1,16,1,,,,
256,3,1,1,24,1,,,,
256,4,1,1,1,0,,10.5257,10.9418,-1.03
256,4,1,1,2,0,,11.1162,12.6564,-1.59852
256,4,1,1,3,1,,,,
256,4,1,1,4,0,,11.7387,14.3533,-2.14821
256,4,1,1,6,1,,,,
256,4,1,1,8,0,,12.8492,15.9645,-2.49322
256,4,1,1,12,1,,,,
256,4,1,1,16,1,,,,
256,4,1,1,24,1,,,,
256,6,1,1,1,0,,10.5133,10.0026,-0.612623
256,6,1,1,2,0,,10.9263,12.5495,-1.6152
256,6,1,1,3,1,,,,
256,6,1,1,4,0,,11.8004,14.6374,-2.25473
256,6,1,1,6,1,,,,
256,6,1,1,8,0,,13.071,16.1631,-2.50683
256,6,1,1,12,1,,,,
256,6,1,1,16,1,,,,
256,6,1,1,24,1,,,,
256,8,1,1,1,0,,10.2749,9.66431,-0.54198
256,8,1,1,2,0,,10.6248,11.7189,-1.34507
256,8,1,1,3,1,,,,
256,8,1,1,4,0,,12.2569,14.5102,-2.04217
256,8,1,1,6,1,,,,
256,8,1,1,8,1,,,,
256,8,1,1,12,1,,,,
256,8,1,1,16,1,,,,
256,8,1,1,24,1,,,,
256,12,1,1,1,0,,10.0813,8.35671,-0.0209691
256,12,1,1,2,0,,10.6989,10.415,-0.734536
256,12,1,1,3,1,,,,
256,12,1,1,4,0,,12.4794,13.3683,-1.4538
256,12,1,1,6,1,,,,
256,12,1,1,8,1,,,,
256,12,1,1,12,1,,,,
256,12,1,1,16,1,,,,
256,12,1,1,24,1,,,,
256,16,1,1,1,0,,10.1136,7.44022,0.401419
256,16,1,1,2,0,,10.8205,9.60934,-0.331498
256,16,1,1,3,1,,,,
256,16,1,1,4,1,,,,
256,16,1,1,6,1,,,,
256,16,1,1,8,1,,,,
256,16,1,1,12,1,,,,
256,16,1,1,16,1,,,,
256,16,1,1,24,1,,,,
256,24,1,1,1,1,,10.0679,6.32425,0.886791
256,24,1,1,2,0,,10.6607,8.63161,0.0529673
256,24,1,1,3,1,,,,
256,24,1,1,4,1,,,,
256,24,1,1,6,1,,,,
256,24,1,1,8,1,,,,
256,24,1,1,12,1,,,,
256,24,1,1,16,1,,,,
256,24,1,1,24,1,,,,
256,32,1,1,1,0,,9.87539,5.64849,1.12455
256,32,1,1,2,1,,,,
256,32,1,1,3,1,,,,
256,32,1,1,4,1,,,,
256,32,1,1,6,1,,,,
256,32,1,1,8,1,,,,
256,32,1,1,12,1,,,,
256,32,1,1,16,1,,,,
256,32,1,1,24,1,,,,
256,48,1,1,1,0,,9.70458,4.87268,1.41461
256,48,1,1,2,1,,,,
256,48,1,1,3,1,,,,
256,48,1,1,4,1,,,,
256,48,1,1,6,1,,,,
256,48,1,1,8,1,,,,
256,48,1,1,12,1,,,,
256,48,1,1,16,1,,,,
256,48,1,1,24,1,,,,
256,64,1,1,1,1,,,,
256,64,1,1,2,1,,,,
256,64,1,1,3,1,,,,
256,64,1,1,4,1,,,,
256,64,1,1,6,1,,,,
256,64,1,1,8,1,,,,
256,64,1,1,12,1,,,,
256,64,1,1,16,1,,,,
256,64,1,1,24,1,,,,
256,96,1,1,1,1,,,,
256,96,1,1,2,1,,,,
256,96,1,1,3,1,,,,
256,96,1,1,4,1,,,,
256,96,1,1,6,1,,,,
256,96,1,1,8,1,,,,
256,96,1,1,12,1,,,,
256,96,1,1,16,1,,,,
256,96,1,1,24,1,,,,
256,128,1,1,1,1,,,,
256,128,1,1,2,1,,,,
256,128,1,1,3,1,,,,
256,128,1,1,4,1,,,,
256,128,1,1,6,1,,,,
256,128,1,1,8,1,,,,
256,128,1,1,12,1,,,,
256,128,1,1,16,1,,,,
256,128,1,1,24,1,,,,
256,192,1,1,1,1,,,,
256,192,1,1,2,1,,,,
256,192,1,1,3,1,,,,
256,192,1,1,4,1,,,,
256,192,1,1,6,1,,,,
256,192,1,1,8,1,,,,
256,192,1,1,12,1,,,,
256,192,1,1,16,1,,,,
256,192,1,1,24,1,,,,
256,256,1,1,1,1,,,,
256,256,1,1,2,1,,,,
256,256,1,1,3,1,,,,
256,256,1,1,4,1,,,,
256,256,1,1,6,1,,,,
256,256,1,1,8,1,,,,
256,256,1,1,12,1,,,,
256,256,1,1,16,1,,,,
256,256,1,1,24,1,,,,
256,384,1,1,1,1,,,,
256,384,1,1,2,1,,,,
256,384,1,1,3,1,,,,
256,384,1,1,4,1,,,,
256,384,1,1,6,1,,,,
256,384,1,1,8,1,,,,
256,384,1,1,12,1,,,,
256,384,1,1,16,1,,,,
256,384,1,1,24,1,,,,
256,768,1,1,1,1,,,,
256,768,1,1,2,1,,,,
256,768,1,1,3,1,,,,
256,768,1,1,4,1,,,,
256,768,1,1,6,1,,,,
256,768,1,1,8,1,,,,
256,768,1,1,12,1,,,,
256,768,1,1,16,1,,,,
256,768,1,1,24,1,,,,
384,1,1,1,1,0,,11.9013,13.0153,-1.49225
384,1,1,1,2,0,,11.6845,13.9631,-1.99152
384,1,1,1,3,0,,11.9072,14.8081,-2.29496
384,1,1,1,4,0,,12.0977,15.5412,-2.55914
384,1,1,1,6,0,,12.3557,16.7829,-3.02865
384,1,1,1,8,0,,12.5383,17.7157,-3.38514
384,1,1,1,12,0,,12.6971,18.4472,-3.65946
384,1,1,1,16,1,41488,12.8912,18.5024,-3.61812
384,1,1,1,24,1,,,,
384,2,1,1,1,0,,10.9154,12.2725,-1.49459
384,2,1,1,2,0,,11.1636,13.8235,-2.10627
384,2,1,1,3,0,,11.7255,14.8597,-2.38001
384,2,1,1,4,0,,11.9208,15.5555,-2.62581
384,2,1,1,6,0,,12.2401,16.3635,-2.87978
384,2,1,1,8,0,,12.5211,16.8712,-3.01197
384,2,1,1,12,0,,13.0378,17.9922,-3.33917
384,2,1,1,16,1,,,,
384,2,1,1,24,1,,,,
384,3,1,1,1,0,,10.7535,12.1652,-1.50157
384,3,1,1,2,0,,11.2733,13.6485,-1.99035
384,3,1,1,3,0,,11.9236,15.0049,-2.37774
384,3,1,1,4,0,,12.125,15.5088,-2.53529
384,3,1,1,6,0,,12.5011,16.1116,-2.6778
384,3,1,1,8,0,,12.9978,16.8546,-2.84214
384,3,1,1,12,1,,,,
384,3,1,1,16,1,,,,
384,3,1,1,24,1,,,,
384,4,1,1,1,0,,10.9759,12.0553,-1.37648
384,4,1,1,2,0,,11.5858,13.5594,-1.84391
384,4,1,1,3,0,,11.9854,14.6339,-2.19014
384,4,1,1,4,0,,12.3756,15.4895,-2.44132
384,4,1,1,6,0,,12.8906,16.301,-2.63017
384,4,1,1,8,0,,13.2987,17.069,-2.8359
384,4,1,1,12,1,,,,
384,4,1,1,16,1,,,,
384,4,1,1,24,1,,,,
384,6,1,1,1,0,,11.1818,11.3053,-0.969704
384,6,1,1,2,0,,11.6482,13.6614,-1.86847
384,6,1,1,3,0,,11.9404,14.5771,-2.17995
384,6,1,1,4,0,,12.3224,15.4926,-2.46078
384,6,1,1,6,0,,13.0176,16.9388,-2.87317
384,6,1,1,8,1,,,,
384,6,1,1,12,1,,,,
384,6,1,1,16,1,,,,
384,6,1,1,24,1,,,,
384,8,1,1,1,0,,10.9816,10.8722,-0.843474
384,8,1,1,2,0,,11.2123,13.214,-1.81609
384,8,1,1,3,0,,12.0946,14.5066,-2.09583
384,8,1,1,4,0,,12.6666,15.4939,-2.34417
384,8,1,1,6,1,,,,
384,8,1,1,8,1,,,,
384,8,1,1,12,1,,,,
384,8,1,1,16,1,,,,
384,8,1,1,24,1,,,,
384,12,1,1,1,0,,10.6232,9.8766,-0.518635
384,12,1,1,2,0,,11.1406,11.8445,-1.2258
384,12,1,1,3,0,,12.209,13.3203,-1.52435
384,12,1,1,4,1,,,,
384,12,1,1,6,1,,,,
384,12,1,1,8,1,,,,
384,12,1,1,12,1,,,,
384,12,1,1,16,1,,,,
384,12,1,1,24,1,,,,
384,16,1,1,1,0,,10.6858,8.85515,-0.0388282
384,16,1,1,2,0,,11.2961,10.967,-0.778929
384,16,1,1,3,1,,,,
384,16,1,1,4,1,,,,
384,16,1,1,6,1,,,,
384,16,1,1,8,1,,,,
384,16,1,1,12,1,,,,
384,16,1,1,16,1,,,,
384,16,1,1,24,1,,,,
384,24,1,1,1,1,,10.7161,7.62962,0.521596
384,24,1,1,2,1,,,,
384,24,1,1,3,1,,,,
384,24,1,1,4,1,,,,
384,24,1,1,6,1,,,,
384,24,1,1,8,1,,,,
384,24,1,1,12,1,,,,
384,24,1,1,16,1,,,,
384,24,1,1,24,1,,,,
384,32,1,1,1,1,,10.6744,6.86291,0.851558
384,32,1,1,2,1,,,,
384,32,1,1,3,1,,,,
384,32,1,1,4,1,,,,
384,32,1,1,6,1,,,,
384,32,1,1,8,1,,,,
384,32,1,1,12,1,,,,
384,32,1,1,16,1,,,,
384,32,1,1,24,1,,,,
384,48,1,1,1,1,,,,
384,48,1,1,2,1,,,,
384,48,1,1,3,1,,,,
384,48,1,1,4,1,,,,
384,48,1,1,6,1,,,,
384,48,1,1,8,1,,,,
384,48,1,1,12,1,,,,
384,48,1,1,16,1,,,,
384,48,1,1,24,1,,,,
384,64,1,1,1,1,,,,
384,64,1,1,2,1,,,,
384,64,1,1,3,1,,,,
384,64,1,1,4,1,,,,
384,64,1,1,6,1,,,,
384,64,1,1,8,1,,,,
384,64,1,1,12,1,,,,
384,64,1,1,16,1,,,,
384,64,1,1,24,1,,,,
384,96,1,1,1,1,,,,
384,96,1,1,2,1,,,,
384,96,1,1,3,1,,,,
384,96,1,1,4,1,,,,
384,96,1,1,6,1,,,,
384,96,1,1,8,1,,,,
384,96,1,1,12,1,,,,
384,96,1,1,16,1,,,,
384,96,1,1,24,1,,,,
384,128,1,1,1,1,,,,
384,128,1,1,2,1,,,,
384,128,1,1,3,1,,,,
384,128,1,1,4,1,,,,
384,128,1,1,6,1,,,,
384,128,1,1,8,1,,,,
384,128,1,1,12,1,,,,
384,128,1,1,16,1,,,,
384,128,1,1,24,1,,,,
384,192,1,1,1,1,,,,
384,192,1,1,2,1,,,,
384,192,1,1,3,1,,,,
384,192,1,1,4,1,,,,
384,192,1,1,6,1,,,,
384,192,1,1,8,1,,,,
384,192,1,1,12,1,,,,
384,192,1,1,16,1,,,,
384,192,1,1,24,1,,,,
384,256,1,1,1,1,,,,
384,256,1,1,2,1,,,,
384,256,1,1,3,1,,,,
384,256,1,1,4,1,,,,
384,256,1,1,6,1,,,,
384,256,1,1,8,1,,,,
384,256,1,1,12,1,,,,
384,256,1,1,16,1,,,,
384,256,1,1,24,1,,,,
384,384,1,1,1,1,,,,
384,384,1,1,2,1,,,,
384,384,1,1,3,1,,,,
384,384,1,1,4,1,,,,
384,384,1,1,6,1,,,,
384,384,1,1,8,1,,,,
384,384,1,1,12,1,,,,
384,384,1,1,16,1,,,,
384,384,1,1,24,1,,,,
384,768,1,1,1,1,,,,
384,768,1,1,2,1,,,,
384,768,1,1,3,1,,,,
384,768,1,1,4,1,,,,
384,768,1,1,6,1,,,,
384,768,1,1,8,1,,,,
384,768,1,1,12,1,,,,
384,768,1,1,16,1,,,,
384,768,1,1,24,1,,,,
768,1,1,1,1,1,3.70945e+06,13.0474,14.8499,-1.92539
768,1,1,1,2,0,,12.7909,16.0489,-2.55094
768,1,1,1,3,0,,12.9538,16.6928,-2.78449
768,1,1,1,4,0,,13.1259,17.4218,-3.05308
768,1,1,1,6,0,,13.4481,18.523,-3.43765
768,1,1,1,8,0,,13.6372,19.4435,-3.78645
768,1,1,1,12,1,,,,
768,1,1,1,16,1,,,,
768,1,1,1,24,1,,,,
768,2,1,1,1,0,,12.1114,14.0725,-1.89523
768,2,1,1,2,1,998217,12.1403,15.6657,-2.60054
768,2,1,1,3,0,,12.741,16.7602,-2.88724
768,2,1,1,4,0,,13.0467,17.392,-3.06669
768,2,1,1,6,0,,13.3848,18.3879,-3.39859
768,2,1,1,8,1,,,,
768,2,1,1,12,1,,,,
768,2,1,1,16,1,,,,
768,2,1,1,24,1,,,,
768,3,1,1,1,0,,11.7207,13.9319,-1.96516
768,3,1,1,2,0,,12.184,15.3888,-2.46137
768,3,1,1,3,0,,12.7957,16.7921,-2.88294
768,3,1,1,4,0,,13.1957,17.5869,-3.10346
768,3,1,1,6,1,,,,
768,3,1,1,8,1,,,,
768,3,1,1,12,1,,,,
768,3,1,1,16,1,,,,
768,3,1,1,24,1,,,,
768,4,1,1,1,0,,11.7553,13.8708,-1.92593
768,4,1,1,2,0,,12.4234,15.344,-2.3597
768,4,1,1,3,0,,12.9837,16.4337,-2.65802
768,4,1,1,4,0,,13.3973,17.3572,-2.93171
768,4,1,1,6,1,,,,
768,4,1,1,8,1,,,,
768,4,1,1,12,1,,,,
768,4,1,1,16,1,,,,
768,4,1,1,24,1,,,,
768,6,1,1,1,0,,12.2288,13.6866,-1.68202
768,6,1,1,2,0,,12.6975,15.4136,-2.29762
768,6,1,1,3,0,,13.1268,16.1998,-2.50428
768,6,1,1,4,1,,,,
768,6,1,1,6,1,,,,
768,6,1,1,8,1,,,,
768,6,1,1,12,1,,,,
768,6,1,1,16,1,,,,
768,6,1,1,24,1,,,,
768,8,1,1,1,0,,12.0997,13.0024,-1.41885
768,8,1,1,2,0,,12.5215,15.434,-2.3667
768,8,1,1,3,1,,,,
768,8,1,1,4,1,,,,
768,8,1,1,6,1,,,,
768,8,1,1,8,1,,,,
768,8,1,1,12,1,,,,
768,8,1,1,16,1,,,,
768,8,1,1,24,1,,,,
768,12,1,1,1,0,,11.8128,12.3857,-1.23976
768,12,1,1,2,1,,,,
768,12,1,1,3,1,,,,
768,12,1,1,4,1,,,,
768,12,1,1,6,1,,,,
768,12,1,1,8,1,,,,
768,12,1,1,12,1,,,,
768,12,1,1,16,1,,,,
768,12,1,1,24,1,,,,
768,16,1,1,1,0,,11.6574,11.4284,-0.862986
768,16,1,1,2,1,,,,
768,16,1,1,3,1,,,,
768,16,1,1,4,1,,,,
768,16,1,1,6,1,,,,
768,16,1,1,8,1,,,,
768,16,1,1,12,1,,,,
768,16,1,1,16,1,,,,
768,16,1,1,24,1,,,,
768,24,1,1,1,1,,,,
768,24,1,1,2,1,,,,
768,24,1,1,3,1,,,,
768,24,1,1,4,1,,,,
768,24,1,1,6,1,,,,
768,24,1,1,8,1,,,,
768,24,1,1,12,1,,,,
768,24,1,1,16,1,,,,
768,24,1,1,24,1,,,,
768,32,1,1,1,1,,,,
768,32,1,1,2,1,,,,
768,32,1,1,3,1,,,,
768,32,1,1,4,1,,,,
768,32,1,1,6,1,,,,
768,32,1,1,8,1,,,,
768,32,1,1,12,1,,,,
768,32,1,1,16,1,,,,
768,32,1,1,24,1,,,,
768,48,1,1,1,1,,,,
768,48,1,1,2,1,,,,
768,48,1,1,3,1,,,,
768,48,1,1,4,1,,,,
768,48,1,1,6,1,,,,
768,48,1,1,8,1,,,,
768,48,1,1,12,1,,,,
768,48,1,1,16,1,,,,
768,48,1,1,24,1,,,,
768,64,1,1,1,1,,,,
768,64,1,1,2,1,,,,
768,64,1,1,3,1,,,,
768,64,1,1,4,1,,,,
768,64,1,1,6,1,,,,
768,64,1,1,8,1,,,,
768,64,1,1,12,1,,,,
768,64,1,1,16,1,,,,
768,64,1,1,24,1,,,,
768,96,1,1,1,1,,,,
768,96,1,1,2,1,,,,
768,96,1,1,3,1,,,,
768,96,1,1,4,1,,,,
768,96,1,1,6,1,,,,
768,96,1,1,8,1,,,,
768,96,1,1,12,1,,,,
768,96,1,1,16,1,,,,
768,96,1,1,24,1,,,,
768,128,1,1,1,1,,,,
768,128,1,1,2,1,,,,
768,128,1,1,3,1,,,,
768,128,1,1,4,1,,,,
768,128,1,1,6,1,,,,
768,128,1,1,8,1,,,,
768,128,1,1,12,1,,,,
768,128,1,1,16,1,,,,
768,128,1,1,24,1,,,,
768,192,1,1,1,1,,,,
768,192,1,1,2,1,,,,
768,192,1,1,3,1,,,,
768,192,1,1,4,1,,,,
768,192,1,1,6,1,,,,
768,192,1,1,8,1,,,,
768,192,1,1,12,1,,,,
768,192,1,1,16,1,,,,
768,192,1,1,24,1,,,,
768,256,1,1,1,1,,,,
768,256,1,1,2,1,,,,
768,256,1,1,3,1,,,,
768,256,1,1,4,1,,,,
768,256,1,1,6,1,,,,
768,256,1,1,8,1,,,,
768,256,1,1,12,1,,,,
768,256,1,1,16,1,,,,
768,256,1,1,24,1,,,,
768,384,1,1,1,1,,,,
768,384,1,1,2,1,,,,
768,384,1,1,3,1,,,,
768,384,1,1,4,1,,,,
768,384,1,1,6,1,,,,
768,384,1,1,8,1,,,,
768,384,1,1,12,1,,,,
768,384,1,1,16,1,,,,
768,384,1,1,24,1,,,,
768,768,1,1,1,1,,,,
768,768,1,1,2,1,,,,
768,768,1,1,3,1,,,,
768,768,1,1,4,1,,,,
768,768,1,1,6,1,,,,
768,768,1,1,8,1,,,,
768,768,1,1,12,1,,,,
768,768,1,1,16,1,,,,
768,768,1,1,24,1,,,,
